puzzles_solved,best_ta_score,win_rate,difficulty_encoded,story_completed,vigenere_accuracy,railfence_accuracy,columnar_accuracy,substitution_accuracy,skill_tier
1,4,0.03,1,0,0.42,0.17,0.21,0.3,beginner
8,1,0.25,1,0,0.21,0.29,0.23,0.28,beginner
2,3,0.12,0,0,0.28,0.1,0.41,0.48,beginner
5,2,0.21,0,0,0.28,0.22,0.47,0.24,beginner
8,2,0.29,1,0,0.46,0.22,0.39,0.54,beginner
4,0,0.3,0,0,0.4,0.17,0.45,0.22,beginner
5,1,0.23,0,0,0.33,0.15,0.36,0.49,beginner
6,2,0.35,0,0,0.41,0.15,0.26,0.46,beginner
0,2,0.14,0,0,0.44,0.17,0.49,0.47,beginner
7,3,0.31,1,0,0.27,0.2,0.53,0.51,beginner
6,4,0.14,0,0,0.25,0.27,0.25,0.46,beginner
1,1,0.22,1,0,0.55,0.34,0.25,0.37,beginner
4,4,0.3,0,0,0.41,0.25,0.33,0.41,beginner
5,0,0.1,0,0,0.44,0.34,0.24,0.51,beginner
8,1,0.18,0,0,0.36,0.18,0.53,0.51,beginner
2,2,0.27,0,0,0.5,0.29,0.3,0.42,beginner
4,1,0.02,0,0,0.41,0.22,0.37,0.24,beginner
2,1,0.23,0,0,0.23,0.34,0.37,0.22,beginner
8,1,0.25,1,0,0.29,0.17,0.51,0.35,beginner
1,1,0.08,1,0,0.55,0.27,0.43,0.35,beginner
0,1,0.02,0,0,0.21,0.1,0.39,0.41,beginner
3,4,0.05,1,0,0.5,0.31,0.22,0.28,beginner
6,2,0.15,1,0,0.29,0.13,0.37,0.34,beginner
0,3,0.25,0,0,0.5,0.31,0.22,0.43,beginner
4,3,0.09,0,0,0.29,0.24,0.27,0.36,beginner
8,0,0.34,0,0,0.36,0.12,0.5,0.39,beginner
0,1,0.13,1,0,0.26,0.23,0.37,0.27,beginner
8,3,0.05,1,0,0.29,0.24,0.47,0.36,beginner
5,0,0.02,1,0,0.28,0.12,0.22,0.46,beginner
1,1,0.02,0,0,0.38,0.41,0.5,0.26,beginner
3,4,0.21,0,0,0.44,0.38,0.28,0.24,beginner
3,2,0.08,1,0,0.35,0.4,0.4,0.38,beginner
1,0,0.16,0,0,0.25,0.4,0.43,0.36,beginner
1,1,0.13,0,0,0.23,0.4,0.27,0.29,beginner
8,0,0.23,1,0,0.35,0.41,0.39,0.31,beginner
1,4,0.05,1,0,0.53,0.18,0.24,0.51,beginner
4,4,0.17,0,0,0.41,0.3,0.45,0.27,beginner
2,2,0.06,1,0,0.23,0.1,0.35,0.3,beginner
2,4,0.01,1,0,0.39,0.12,0.35,0.2,beginner
0,2,0.07,0,0,0.4,0.2,0.25,0.24,beginner
2,1,0.3,0,0,0.43,0.38,0.32,0.4,beginner
6,1,0.09,0,0,0.51,0.21,0.21,0.46,beginner
7,2,0.11,0,0,0.33,0.16,0.21,0.36,beginner
1,2,0.12,1,0,0.28,0.19,0.43,0.34,beginner
4,1,0.2,1,0,0.44,0.11,0.5,0.32,beginner
6,4,0.34,0,0,0.21,0.35,0.41,0.32,beginner
0,4,0.32,0,0,0.33,0.33,0.4,0.29,beginner
5,0,0.25,1,0,0.33,0.21,0.22,0.43,beginner
8,1,0.07,1,0,0.38,0.32,0.43,0.31,beginner
8,0,0.11,0,0,0.44,0.2,0.52,0.42,beginner
7,1,0.18,0,0,0.35,0.25,0.4,0.43,beginner
1,1,0.24,0,0,0.43,0.3,0.3,0.43,beginner
1,3,0.15,0,0,0.48,0.41,0.25,0.22,beginner
0,0,0.27,0,0,0.45,0.15,0.33,0.34,beginner
3,0,0.16,1,0,0.26,0.12,0.54,0.38,beginner
7,4,0.29,1,0,0.43,0.4,0.55,0.41,beginner
7,3,0.09,0,0,0.49,0.34,0.39,0.51,beginner
3,2,0.15,1,0,0.49,0.26,0.3,0.47,beginner
2,1,0.13,0,0,0.28,0.13,0.32,0.51,beginner
6,0,0.07,1,0,0.45,0.27,0.22,0.34,beginner
6,3,0.0,1,0,0.34,0.11,0.47,0.53,beginner
8,4,0.28,0,0,0.3,0.37,0.34,0.51,beginner
6,1,0.29,0,0,0.37,0.22,0.3,0.37,beginner
0,0,0.22,0,0,0.54,0.29,0.39,0.52,beginner
7,2,0.12,1,0,0.5,0.2,0.26,0.29,beginner
7,0,0.26,0,0,0.3,0.37,0.53,0.35,beginner
0,0,0.33,0,0,0.55,0.35,0.32,0.43,beginner
1,4,0.33,1,0,0.49,0.25,0.42,0.28,beginner
1,1,0.34,0,0,0.44,0.29,0.47,0.26,beginner
6,3,0.33,0,0,0.4,0.39,0.53,0.4,beginner
4,4,0.28,0,0,0.23,0.13,0.44,0.42,beginner
5,0,0.3,1,0,0.32,0.26,0.35,0.33,beginner
2,3,0.06,1,0,0.24,0.37,0.54,0.42,beginner
4,2,0.3,0,0,0.42,0.25,0.52,0.47,beginner
6,2,0.01,1,0,0.3,0.28,0.36,0.46,beginner
4,4,0.0,0,0,0.26,0.21,0.27,0.48,beginner
7,3,0.16,0,0,0.23,0.34,0.45,0.37,beginner
5,3,0.19,1,0,0.23,0.2,0.28,0.44,beginner
4,2,0.09,0,0,0.35,0.32,0.46,0.32,beginner
2,1,0.08,1,0,0.45,0.4,0.31,0.46,beginner
1,1,0.1,1,0,0.3,0.29,0.41,0.47,beginner
0,4,0.1,0,0,0.26,0.19,0.2,0.39,beginner
4,3,0.17,1,0,0.42,0.1,0.46,0.24,beginner
1,3,0.17,0,0,0.26,0.25,0.22,0.53,beginner
3,0,0.2,1,0,0.25,0.13,0.48,0.53,beginner
7,3,0.1,1,0,0.41,0.27,0.48,0.28,beginner
3,1,0.09,0,0,0.31,0.34,0.42,0.41,beginner
7,4,0.16,0,0,0.25,0.1,0.26,0.23,beginner
3,2,0.28,0,0,0.28,0.25,0.45,0.45,beginner
2,0,0.02,1,0,0.35,0.39,0.39,0.43,beginner
7,2,0.24,1,0,0.41,0.24,0.49,0.52,beginner
6,2,0.21,0,0,0.38,0.11,0.37,0.23,beginner
0,2,0.2,0,0,0.23,0.28,0.54,0.49,beginner
6,3,0.34,1,0,0.36,0.16,0.43,0.52,beginner
5,3,0.24,1,0,0.32,0.37,0.32,0.43,beginner
1,2,0.09,0,0,0.43,0.11,0.34,0.47,beginner
8,3,0.14,0,0,0.54,0.42,0.34,0.38,beginner
0,1,0.09,0,0,0.38,0.24,0.42,0.37,beginner
3,1,0.11,0,0,0.52,0.14,0.35,0.44,beginner
7,0,0.23,0,0,0.39,0.39,0.23,0.55,beginner
7,3,0.09,0,0,0.37,0.19,0.45,0.38,beginner
1,2,0.27,1,0,0.33,0.38,0.52,0.38,beginner
4,4,0.2,1,0,0.32,0.1,0.48,0.29,beginner
8,3,0.16,1,0,0.5,0.21,0.36,0.37,beginner
6,0,0.11,1,0,0.5,0.22,0.54,0.28,beginner
2,3,0.34,0,0,0.45,0.31,0.48,0.34,beginner
7,0,0.18,1,0,0.38,0.38,0.41,0.5,beginner
1,3,0.27,1,0,0.21,0.41,0.25,0.5,beginner
8,3,0.33,1,0,0.32,0.37,0.44,0.43,beginner
4,1,0.26,1,0,0.51,0.3,0.21,0.22,beginner
2,2,0.32,0,0,0.54,0.13,0.47,0.45,beginner
3,4,0.14,0,0,0.31,0.24,0.22,0.33,beginner
3,3,0.32,0,0,0.26,0.3,0.23,0.5,beginner
7,2,0.24,0,0,0.28,0.31,0.42,0.36,beginner
6,2,0.16,1,0,0.23,0.2,0.53,0.55,beginner
5,4,0.1,1,0,0.27,0.18,0.33,0.37,beginner
0,4,0.26,1,0,0.21,0.1,0.49,0.34,beginner
3,4,0.09,0,0,0.47,0.17,0.28,0.48,beginner
7,0,0.2,0,0,0.42,0.2,0.52,0.43,beginner
2,4,0.31,1,0,0.23,0.16,0.3,0.46,beginner
7,2,0.26,1,0,0.39,0.18,0.52,0.49,beginner
3,3,0.34,1,0,0.48,0.34,0.36,0.23,beginner
5,2,0.2,1,0,0.23,0.14,0.34,0.29,beginner
8,2,0.32,0,0,0.24,0.38,0.28,0.21,beginner
6,0,0.05,0,0,0.43,0.32,0.42,0.36,beginner
2,3,0.16,1,0,0.31,0.38,0.37,0.23,beginner
7,4,0.14,1,0,0.41,0.31,0.45,0.51,beginner
5,0,0.34,1,0,0.21,0.4,0.33,0.36,beginner
3,0,0.33,1,0,0.39,0.23,0.54,0.33,beginner
0,2,0.09,0,0,0.23,0.41,0.27,0.42,beginner
3,1,0.11,0,0,0.48,0.28,0.27,0.49,beginner
2,4,0.09,0,0,0.48,0.41,0.41,0.3,beginner
3,4,0.11,0,0,0.24,0.21,0.5,0.25,beginner
1,3,0.16,1,0,0.29,0.14,0.24,0.35,beginner
0,4,0.11,0,0,0.38,0.4,0.24,0.38,beginner
7,3,0.03,0,0,0.22,0.32,0.37,0.34,beginner
8,2,0.13,1,0,0.31,0.3,0.25,0.24,beginner
8,1,0.15,0,0,0.36,0.32,0.41,0.23,beginner
5,3,0.11,1,0,0.34,0.33,0.49,0.34,beginner
1,0,0.15,1,0,0.33,0.12,0.25,0.52,beginner
5,0,0.14,1,0,0.48,0.28,0.39,0.41,beginner
5,0,0.2,0,0,0.5,0.29,0.45,0.54,beginner
8,2,0.04,1,0,0.25,0.21,0.37,0.5,beginner
8,0,0.21,1,0,0.4,0.41,0.48,0.5,beginner
5,0,0.06,0,0,0.21,0.39,0.3,0.47,beginner
0,0,0.26,0,0,0.4,0.3,0.34,0.25,beginner
5,4,0.21,0,0,0.33,0.2,0.36,0.26,beginner
7,3,0.17,1,0,0.25,0.13,0.46,0.22,beginner
1,2,0.24,1,0,0.34,0.21,0.28,0.38,beginner
0,0,0.07,0,0,0.38,0.42,0.31,0.28,beginner
7,3,0.06,1,0,0.47,0.14,0.47,0.3,beginner
5,0,0.14,0,0,0.39,0.31,0.28,0.4,beginner
6,4,0.14,1,0,0.35,0.2,0.36,0.23,beginner
7,2,0.03,0,0,0.3,0.15,0.34,0.54,beginner
4,2,0.08,0,0,0.29,0.23,0.41,0.38,beginner
5,2,0.25,0,0,0.23,0.16,0.42,0.39,beginner
1,1,0.33,1,0,0.28,0.29,0.25,0.27,beginner
5,2,0.05,0,0,0.36,0.32,0.4,0.4,beginner
5,4,0.03,1,0,0.36,0.29,0.42,0.48,beginner
1,4,0.21,1,0,0.36,0.12,0.22,0.49,beginner
7,4,0.23,1,0,0.36,0.39,0.39,0.48,beginner
5,0,0.18,0,0,0.41,0.24,0.38,0.54,beginner
2,2,0.13,1,0,0.21,0.27,0.45,0.55,beginner
5,0,0.12,1,0,0.34,0.12,0.47,0.44,beginner
2,2,0.03,0,0,0.3,0.39,0.45,0.43,beginner
2,4,0.25,0,0,0.52,0.31,0.31,0.43,beginner
8,0,0.23,1,0,0.31,0.36,0.33,0.48,beginner
5,3,0.07,0,0,0.38,0.4,0.21,0.31,beginner
8,4,0.01,1,0,0.25,0.26,0.3,0.48,beginner
2,4,0.28,0,0,0.51,0.15,0.42,0.41,beginner
7,4,0.1,1,0,0.45,0.33,0.22,0.33,beginner
3,2,0.24,1,0,0.28,0.35,0.28,0.54,beginner
2,1,0.28,0,0,0.36,0.27,0.3,0.33,beginner
1,4,0.3,1,0,0.51,0.22,0.22,0.37,beginner
6,0,0.33,0,0,0.23,0.26,0.26,0.36,beginner
6,4,0.13,1,0,0.49,0.23,0.51,0.53,beginner
5,1,0.05,1,0,0.55,0.4,0.33,0.21,beginner
7,3,0.22,0,0,0.52,0.34,0.37,0.49,beginner
8,3,0.04,1,0,0.21,0.4,0.28,0.25,beginner
7,0,0.04,1,0,0.28,0.3,0.24,0.28,beginner
2,2,0.15,1,0,0.41,0.18,0.21,0.38,beginner
5,0,0.33,0,0,0.28,0.13,0.35,0.43,beginner
4,0,0.12,0,0,0.34,0.41,0.36,0.42,beginner
5,1,0.02,1,0,0.32,0.35,0.46,0.42,beginner
7,1,0.28,0,0,0.48,0.25,0.26,0.47,beginner
3,0,0.11,1,0,0.45,0.16,0.53,0.21,beginner
3,2,0.12,0,0,0.38,0.18,0.55,0.39,beginner
6,3,0.31,1,0,0.5,0.22,0.32,0.24,beginner
8,2,0.28,1,0,0.32,0.22,0.27,0.44,beginner
5,0,0.03,1,0,0.23,0.27,0.41,0.49,beginner
5,3,0.01,1,0,0.31,0.32,0.41,0.35,beginner
0,0,0.23,1,0,0.42,0.35,0.35,0.42,beginner
2,4,0.24,1,0,0.33,0.4,0.48,0.44,beginner
6,4,0.01,0,0,0.21,0.22,0.22,0.47,beginner
2,4,0.13,1,0,0.44,0.34,0.53,0.33,beginner
7,4,0.14,0,0,0.43,0.34,0.29,0.24,beginner
4,3,0.07,0,0,0.29,0.42,0.29,0.36,beginner
1,2,0.23,0,0,0.5,0.24,0.36,0.51,beginner
2,2,0.18,0,0,0.39,0.15,0.3,0.3,beginner
5,4,0.2,1,0,0.54,0.26,0.48,0.28,beginner
4,3,0.35,1,0,0.48,0.13,0.39,0.41,beginner
5,0,0.16,1,0,0.38,0.12,0.47,0.49,beginner
2,3,0.18,0,0,0.24,0.29,0.49,0.39,beginner
3,2,0.33,1,0,0.49,0.15,0.38,0.31,beginner
2,2,0.22,0,0,0.5,0.28,0.29,0.42,beginner
5,4,0.01,0,0,0.38,0.15,0.26,0.53,beginner
3,4,0.15,0,0,0.23,0.18,0.53,0.47,beginner
7,1,0.28,1,0,0.37,0.41,0.42,0.3,beginner
7,3,0.07,0,0,0.3,0.24,0.23,0.22,beginner
6,1,0.27,0,0,0.31,0.38,0.45,0.46,beginner
1,0,0.1,1,0,0.31,0.18,0.36,0.29,beginner
5,4,0.25,0,0,0.5,0.39,0.35,0.54,beginner
4,3,0.01,1,0,0.47,0.26,0.37,0.38,beginner
0,2,0.17,1,0,0.38,0.21,0.54,0.28,beginner
4,2,0.27,1,0,0.3,0.14,0.2,0.24,beginner
4,0,0.14,1,0,0.22,0.22,0.22,0.4,beginner
1,1,0.34,1,0,0.47,0.32,0.3,0.55,beginner
2,1,0.21,1,0,0.33,0.22,0.55,0.4,beginner
7,4,0.16,0,0,0.38,0.21,0.22,0.25,beginner
4,4,0.12,1,0,0.31,0.42,0.41,0.26,beginner
1,3,0.2,0,0,0.45,0.22,0.3,0.49,beginner
3,0,0.2,0,0,0.41,0.41,0.29,0.43,beginner
3,0,0.2,0,0,0.38,0.22,0.45,0.47,beginner
3,3,0.18,1,0,0.27,0.23,0.35,0.35,beginner
3,4,0.11,1,0,0.51,0.14,0.46,0.22,beginner
5,4,0.12,1,0,0.38,0.39,0.31,0.26,beginner
3,2,0.27,0,0,0.41,0.28,0.27,0.29,beginner
4,2,0.04,1,0,0.44,0.28,0.37,0.37,beginner
2,2,0.01,0,0,0.51,0.35,0.34,0.32,beginner
3,4,0.09,1,0,0.32,0.25,0.35,0.29,beginner
8,1,0.22,0,0,0.25,0.18,0.42,0.41,beginner
2,0,0.34,0,0,0.24,0.32,0.32,0.37,beginner
3,2,0.11,0,0,0.34,0.25,0.53,0.51,beginner
0,1,0.15,0,0,0.52,0.27,0.23,0.4,beginner
2,2,0.31,0,0,0.53,0.35,0.21,0.49,beginner
7,4,0.18,0,0,0.3,0.21,0.41,0.52,beginner
2,3,0.23,0,0,0.5,0.14,0.36,0.27,beginner
3,1,0.21,1,0,0.2,0.32,0.32,0.3,beginner
2,1,0.17,0,0,0.49,0.31,0.38,0.23,beginner
5,2,0.2,0,0,0.2,0.19,0.33,0.36,beginner
7,2,0.06,1,0,0.29,0.31,0.33,0.28,beginner
3,1,0.34,1,0,0.44,0.22,0.42,0.53,beginner
8,3,0.27,0,0,0.25,0.23,0.46,0.41,beginner
8,3,0.18,1,0,0.47,0.35,0.44,0.41,beginner
8,1,0.2,0,0,0.23,0.28,0.4,0.22,beginner
7,0,0.31,1,0,0.26,0.32,0.5,0.35,beginner
0,4,0.16,1,0,0.48,0.25,0.36,0.38,beginner
1,0,0.15,0,0,0.45,0.34,0.34,0.49,beginner
7,0,0.1,0,0,0.39,0.42,0.22,0.51,beginner
6,2,0.35,1,0,0.47,0.31,0.47,0.54,beginner
8,1,0.23,1,0,0.36,0.13,0.52,0.33,beginner
3,0,0.26,1,0,0.24,0.14,0.55,0.34,beginner
3,1,0.16,0,0,0.36,0.22,0.45,0.35,beginner
6,4,0.27,0,0,0.3,0.14,0.53,0.45,beginner
0,1,0.26,1,0,0.28,0.24,0.22,0.41,beginner
2,4,0.35,0,0,0.35,0.35,0.39,0.46,beginner
5,1,0.11,0,0,0.49,0.29,0.46,0.31,beginner
8,4,0.31,0,0,0.54,0.19,0.38,0.34,beginner
6,4,0.11,1,0,0.42,0.41,0.35,0.37,beginner
3,1,0.11,0,0,0.34,0.27,0.3,0.26,beginner
8,4,0.05,0,0,0.48,0.41,0.52,0.4,beginner
5,0,0.19,0,0,0.29,0.24,0.32,0.23,beginner
1,1,0.28,0,0,0.22,0.11,0.33,0.41,beginner
0,1,0.33,0,0,0.37,0.41,0.5,0.32,beginner
3,3,0.32,1,0,0.46,0.32,0.46,0.52,beginner
4,2,0.18,1,0,0.47,0.21,0.33,0.39,beginner
5,1,0.13,1,0,0.36,0.34,0.48,0.45,beginner
8,4,0.2,1,0,0.22,0.11,0.5,0.46,beginner
3,3,0.19,1,0,0.3,0.28,0.27,0.28,beginner
7,3,0.06,1,0,0.29,0.31,0.49,0.54,beginner
8,0,0.18,0,0,0.26,0.39,0.45,0.37,beginner
3,0,0.25,0,0,0.53,0.23,0.43,0.47,beginner
7,3,0.01,1,0,0.28,0.3,0.36,0.22,beginner
0,4,0.28,1,0,0.2,0.41,0.39,0.3,beginner
2,1,0.07,1,0,0.48,0.13,0.52,0.24,beginner
6,3,0.2,0,0,0.49,0.22,0.29,0.34,beginner
0,0,0.14,1,0,0.3,0.42,0.49,0.23,beginner
7,3,0.23,1,0,0.39,0.15,0.22,0.2,beginner
0,1,0.07,1,0,0.4,0.27,0.5,0.23,beginner
8,4,0.23,0,0,0.29,0.19,0.52,0.44,beginner
6,0,0.1,0,0,0.53,0.29,0.31,0.54,beginner
6,1,0.28,0,0,0.4,0.27,0.5,0.44,beginner
1,2,0.21,1,0,0.38,0.24,0.54,0.22,beginner
7,3,0.08,1,0,0.54,0.35,0.31,0.42,beginner
4,1,0.25,0,0,0.35,0.13,0.44,0.43,beginner
6,2,0.13,0,0,0.29,0.15,0.33,0.47,beginner
2,0,0.07,1,0,0.2,0.19,0.31,0.33,beginner
8,0,0.21,1,0,0.39,0.13,0.38,0.24,beginner
8,1,0.2,0,0,0.5,0.35,0.2,0.34,beginner
2,0,0.06,1,0,0.44,0.19,0.26,0.29,beginner
3,3,0.21,0,0,0.35,0.18,0.37,0.23,beginner
6,2,0.15,1,0,0.36,0.23,0.25,0.2,beginner
5,4,0.33,0,0,0.49,0.14,0.5,0.54,beginner
7,4,0.27,1,0,0.37,0.2,0.26,0.34,beginner
3,4,0.35,0,0,0.33,0.14,0.49,0.34,beginner
3,3,0.28,0,0,0.44,0.25,0.39,0.53,beginner
4,1,0.09,0,0,0.49,0.26,0.48,0.34,beginner
7,4,0.14,1,0,0.45,0.42,0.48,0.23,beginner
8,4,0.22,0,0,0.39,0.39,0.48,0.33,beginner
0,4,0.34,1,0,0.24,0.15,0.29,0.43,beginner
1,2,0.08,0,0,0.54,0.13,0.32,0.48,beginner
8,1,0.12,0,0,0.36,0.29,0.34,0.47,beginner
2,2,0.11,1,0,0.37,0.13,0.3,0.52,beginner
7,2,0.02,0,0,0.47,0.13,0.38,0.32,beginner
2,1,0.18,0,0,0.48,0.31,0.24,0.5,beginner
2,1,0.22,1,0,0.32,0.36,0.35,0.36,beginner
6,3,0.0,0,0,0.34,0.24,0.46,0.51,beginner
1,4,0.07,1,0,0.27,0.12,0.46,0.48,beginner
5,4,0.14,1,0,0.27,0.26,0.24,0.43,beginner
4,4,0.21,0,0,0.41,0.3,0.32,0.5,beginner
2,4,0.14,0,0,0.31,0.22,0.28,0.24,beginner
2,4,0.06,1,0,0.4,0.27,0.35,0.37,beginner
5,0,0.17,0,0,0.25,0.12,0.31,0.36,beginner
7,3,0.25,1,0,0.49,0.26,0.54,0.38,beginner
4,0,0.1,1,0,0.37,0.34,0.23,0.21,beginner
8,4,0.04,0,0,0.26,0.35,0.36,0.46,beginner
0,3,0.19,1,0,0.29,0.27,0.39,0.55,beginner
0,3,0.09,0,0,0.24,0.2,0.49,0.46,beginner
5,4,0.22,0,0,0.35,0.18,0.55,0.47,beginner
5,4,0.1,0,0,0.42,0.36,0.47,0.48,beginner
8,0,0.05,1,0,0.31,0.19,0.45,0.3,beginner
2,1,0.05,1,0,0.52,0.14,0.55,0.5,beginner
4,3,0.13,0,0,0.49,0.26,0.47,0.44,beginner
4,2,0.16,1,0,0.42,0.26,0.51,0.23,beginner
7,2,0.3,1,0,0.31,0.33,0.2,0.47,beginner
4,2,0.19,0,0,0.28,0.19,0.35,0.27,beginner
0,0,0.03,1,0,0.4,0.32,0.37,0.32,beginner
6,1,0.35,0,0,0.21,0.25,0.53,0.26,beginner
1,2,0.09,1,0,0.51,0.38,0.31,0.51,beginner
3,3,0.23,0,0,0.43,0.3,0.43,0.22,beginner
7,0,0.0,1,0,0.2,0.17,0.37,0.25,beginner
1,1,0.13,0,0,0.49,0.14,0.55,0.35,beginner
2,1,0.02,0,0,0.24,0.22,0.33,0.3,beginner
2,3,0.22,1,0,0.41,0.17,0.26,0.32,beginner
6,2,0.34,1,0,0.5,0.34,0.23,0.24,beginner
4,0,0.3,1,0,0.48,0.18,0.29,0.43,beginner
0,1,0.17,0,0,0.27,0.23,0.41,0.27,beginner
0,2,0.33,0,0,0.28,0.38,0.42,0.22,beginner
2,3,0.33,0,0,0.34,0.27,0.49,0.35,beginner
0,3,0.18,1,0,0.21,0.11,0.22,0.29,beginner
2,2,0.03,0,0,0.35,0.27,0.34,0.42,beginner
6,4,0.22,0,0,0.38,0.27,0.27,0.48,beginner
3,0,0.32,0,0,0.31,0.18,0.35,0.53,beginner
2,0,0.0,0,0,0.36,0.34,0.41,0.31,beginner
4,1,0.13,1,0,0.45,0.27,0.26,0.53,beginner
6,2,0.18,1,0,0.46,0.21,0.24,0.51,beginner
5,0,0.17,0,0,0.45,0.25,0.4,0.23,beginner
1,1,0.26,0,0,0.33,0.28,0.29,0.24,beginner
6,1,0.06,0,0,0.22,0.25,0.5,0.29,beginner
5,1,0.15,1,0,0.39,0.23,0.52,0.46,beginner
0,1,0.08,0,0,0.29,0.26,0.23,0.33,beginner
4,2,0.03,1,0,0.53,0.19,0.22,0.36,beginner
3,3,0.13,1,0,0.2,0.2,0.27,0.4,beginner
3,1,0.0,1,0,0.55,0.27,0.47,0.46,beginner
0,2,0.0,1,0,0.21,0.32,0.39,0.42,beginner
3,3,0.17,0,0,0.5,0.27,0.45,0.24,beginner
3,4,0.14,1,0,0.54,0.11,0.25,0.3,beginner
6,0,0.21,0,0,0.36,0.26,0.46,0.4,beginner
5,3,0.25,1,0,0.35,0.18,0.54,0.28,beginner
1,1,0.04,1,0,0.31,0.16,0.3,0.23,beginner
3,3,0.11,1,0,0.36,0.41,0.34,0.39,beginner
0,1,0.29,1,0,0.5,0.2,0.23,0.48,beginner
0,2,0.09,0,0,0.25,0.23,0.45,0.54,beginner
3,0,0.16,0,0,0.21,0.34,0.34,0.36,beginner
3,3,0.13,0,0,0.24,0.17,0.22,0.47,beginner
1,1,0.32,1,0,0.4,0.11,0.29,0.48,beginner
1,0,0.33,0,0,0.48,0.36,0.23,0.5,beginner
0,3,0.24,0,0,0.26,0.23,0.4,0.49,beginner
2,0,0.21,0,0,0.32,0.24,0.52,0.3,beginner
1,2,0.13,1,0,0.43,0.25,0.37,0.51,beginner
8,0,0.35,1,0,0.27,0.3,0.51,0.38,beginner
5,3,0.09,0,0,0.37,0.28,0.47,0.32,beginner
0,3,0.19,0,0,0.31,0.35,0.28,0.51,beginner
0,1,0.2,1,0,0.54,0.19,0.24,0.43,beginner
5,2,0.32,0,0,0.32,0.16,0.49,0.5,beginner
3,3,0.19,0,0,0.45,0.15,0.32,0.4,beginner
8,3,0.0,0,0,0.37,0.17,0.23,0.28,beginner
5,0,0.01,0,0,0.48,0.36,0.32,0.26,beginner
5,3,0.21,1,0,0.47,0.41,0.5,0.5,beginner
7,2,0.06,1,0,0.31,0.4,0.25,0.26,beginner
4,1,0.06,0,0,0.28,0.2,0.41,0.26,beginner
0,1,0.21,0,0,0.53,0.42,0.53,0.34,beginner
1,1,0.12,1,0,0.42,0.21,0.24,0.37,beginner
5,3,0.0,0,0,0.26,0.33,0.51,0.23,beginner
0,0,0.14,1,0,0.29,0.13,0.22,0.29,beginner
8,3,0.04,1,0,0.54,0.22,0.51,0.37,beginner
7,0,0.28,0,0,0.48,0.17,0.4,0.47,beginner
2,3,0.06,0,0,0.3,0.12,0.31,0.53,beginner
7,0,0.15,0,0,0.39,0.29,0.51,0.23,beginner
3,3,0.24,1,0,0.41,0.21,0.35,0.22,beginner
8,3,0.05,1,0,0.43,0.23,0.3,0.23,beginner
7,1,0.03,0,0,0.2,0.3,0.23,0.49,beginner
4,3,0.16,1,0,0.26,0.37,0.3,0.23,beginner
5,1,0.16,1,0,0.23,0.38,0.39,0.26,beginner
2,0,0.03,1,0,0.35,0.28,0.29,0.49,beginner
0,3,0.29,1,0,0.48,0.17,0.34,0.46,beginner
3,3,0.1,1,0,0.54,0.28,0.44,0.53,beginner
2,0,0.33,1,0,0.52,0.39,0.45,0.38,beginner
2,0,0.15,1,0,0.26,0.36,0.54,0.54,beginner
5,0,0.03,1,0,0.27,0.29,0.49,0.25,beginner
0,4,0.21,1,0,0.39,0.39,0.5,0.38,beginner
1,0,0.2,0,0,0.24,0.29,0.25,0.4,beginner
4,3,0.23,1,0,0.48,0.38,0.5,0.51,beginner
6,0,0.14,1,0,0.21,0.29,0.3,0.25,beginner
5,0,0.12,1,0,0.44,0.19,0.22,0.37,beginner
3,1,0.11,1,0,0.31,0.32,0.49,0.5,beginner
1,1,0.15,1,0,0.47,0.29,0.31,0.46,beginner
8,1,0.02,1,0,0.46,0.36,0.47,0.5,beginner
3,1,0.29,0,0,0.25,0.11,0.5,0.51,beginner
5,3,0.18,0,0,0.21,0.16,0.22,0.33,beginner
7,4,0.19,1,0,0.44,0.24,0.28,0.37,beginner
4,0,0.14,0,0,0.26,0.32,0.51,0.46,beginner
3,1,0.09,1,0,0.5,0.17,0.47,0.28,beginner
7,1,0.23,0,0,0.38,0.32,0.5,0.54,beginner
4,3,0.31,1,0,0.28,0.33,0.41,0.53,beginner
6,4,0.04,1,0,0.36,0.27,0.28,0.31,beginner
7,0,0.12,1,0,0.4,0.32,0.41,0.3,beginner
4,1,0.05,0,0,0.42,0.33,0.5,0.29,beginner
5,1,0.25,1,0,0.51,0.29,0.48,0.48,beginner
0,4,0.25,0,0,0.55,0.22,0.29,0.35,beginner
7,2,0.18,0,0,0.32,0.3,0.45,0.44,beginner
2,2,0.25,0,0,0.49,0.13,0.51,0.26,beginner
3,2,0.15,1,0,0.53,0.17,0.51,0.43,beginner
0,4,0.2,0,0,0.33,0.14,0.4,0.36,beginner
8,2,0.14,0,0,0.37,0.32,0.27,0.24,beginner
7,1,0.11,0,0,0.25,0.28,0.27,0.34,beginner
0,0,0.16,0,0,0.47,0.16,0.37,0.42,beginner
1,1,0.22,1,0,0.47,0.26,0.26,0.47,beginner
3,2,0.33,1,0,0.34,0.11,0.54,0.33,beginner
3,1,0.24,1,0,0.46,0.1,0.39,0.21,beginner
1,0,0.1,1,0,0.31,0.2,0.24,0.38,beginner
2,2,0.35,1,0,0.36,0.24,0.38,0.38,beginner
6,0,0.08,0,0,0.33,0.39,0.27,0.53,beginner
0,3,0.31,1,0,0.27,0.14,0.21,0.38,beginner
1,0,0.02,0,0,0.47,0.12,0.42,0.41,beginner
2,1,0.24,0,0,0.35,0.25,0.33,0.39,beginner
2,3,0.29,0,0,0.31,0.19,0.43,0.43,beginner
7,1,0.21,1,0,0.38,0.35,0.42,0.3,beginner
2,0,0.19,0,0,0.49,0.23,0.54,0.33,beginner
1,0,0.29,1,0,0.44,0.1,0.37,0.28,beginner
1,2,0.23,1,0,0.25,0.33,0.23,0.38,beginner
2,0,0.3,1,0,0.55,0.13,0.3,0.36,beginner
0,0,0.3,0,0,0.48,0.13,0.31,0.46,beginner
1,2,0.29,0,0,0.32,0.19,0.51,0.53,beginner
7,3,0.23,0,0,0.24,0.37,0.34,0.36,beginner
2,0,0.15,1,0,0.24,0.4,0.44,0.22,beginner
5,4,0.01,0,0,0.48,0.22,0.44,0.26,beginner
1,2,0.23,0,0,0.37,0.24,0.37,0.51,beginner
3,2,0.18,0,0,0.45,0.28,0.44,0.47,beginner
6,1,0.29,0,0,0.35,0.31,0.45,0.37,beginner
7,1,0.03,1,0,0.2,0.25,0.53,0.38,beginner
8,3,0.14,0,0,0.31,0.26,0.32,0.3,beginner
7,3,0.11,1,0,0.23,0.13,0.36,0.4,beginner
8,0,0.29,1,0,0.46,0.11,0.21,0.34,beginner
5,2,0.29,0,0,0.51,0.25,0.4,0.43,beginner
5,3,0.04,0,0,0.5,0.29,0.32,0.47,beginner
8,4,0.13,0,0,0.2,0.36,0.32,0.42,beginner
6,0,0.09,0,0,0.22,0.33,0.26,0.25,beginner
3,2,0.04,1,0,0.27,0.25,0.53,0.34,beginner
7,3,0.23,0,0,0.22,0.14,0.42,0.44,beginner
6,4,0.17,0,0,0.54,0.28,0.2,0.46,beginner
5,4,0.31,1,0,0.44,0.13,0.26,0.49,beginner
5,2,0.16,0,0,0.54,0.19,0.52,0.47,beginner
8,2,0.25,0,0,0.25,0.26,0.41,0.51,beginner
2,1,0.18,1,0,0.27,0.21,0.42,0.3,beginner
6,4,0.1,1,0,0.45,0.29,0.47,0.4,beginner
0,1,0.09,0,0,0.48,0.15,0.38,0.21,beginner
4,1,0.26,0,0,0.54,0.12,0.44,0.25,beginner
8,1,0.26,1,0,0.33,0.32,0.36,0.42,beginner
0,3,0.14,1,0,0.28,0.19,0.47,0.48,beginner
7,1,0.32,1,0,0.54,0.16,0.22,0.46,beginner
3,2,0.16,0,0,0.46,0.35,0.39,0.41,beginner
6,2,0.19,0,0,0.27,0.22,0.26,0.38,beginner
2,0,0.05,1,0,0.26,0.25,0.5,0.2,beginner
4,3,0.28,1,0,0.41,0.37,0.47,0.42,beginner
8,0,0.28,0,0,0.23,0.41,0.45,0.38,beginner
3,2,0.12,1,0,0.35,0.17,0.39,0.23,beginner
0,0,0.23,1,0,0.28,0.42,0.46,0.39,beginner
0,2,0.13,0,0,0.28,0.18,0.42,0.52,beginner
5,4,0.28,1,0,0.34,0.39,0.39,0.3,beginner
1,0,0.06,0,0,0.37,0.2,0.3,0.43,beginner
6,0,0.07,1,0,0.42,0.17,0.27,0.42,beginner
7,2,0.01,0,0,0.43,0.15,0.53,0.46,beginner
3,2,0.14,1,0,0.22,0.28,0.48,0.4,beginner
8,0,0.22,0,0,0.42,0.32,0.35,0.21,beginner
8,0,0.1,1,0,0.46,0.12,0.4,0.45,beginner
0,3,0.05,0,0,0.41,0.22,0.3,0.52,beginner
2,2,0.24,1,0,0.25,0.27,0.34,0.48,beginner
0,0,0.2,1,0,0.54,0.15,0.2,0.51,beginner
5,1,0.14,0,0,0.39,0.34,0.53,0.31,beginner
2,4,0.3,1,0,0.26,0.16,0.28,0.49,beginner
3,4,0.17,1,0,0.43,0.18,0.23,0.44,beginner
1,1,0.11,1,0,0.32,0.19,0.43,0.28,beginner
5,2,0.34,0,0,0.31,0.15,0.43,0.44,beginner
6,2,0.29,0,0,0.2,0.34,0.29,0.28,beginner
4,3,0.19,0,0,0.44,0.24,0.32,0.37,beginner
8,1,0.09,0,0,0.43,0.36,0.23,0.3,beginner
6,4,0.07,0,0,0.45,0.3,0.51,0.5,beginner
2,2,0.14,1,0,0.39,0.25,0.39,0.55,beginner
0,1,0.3,0,0,0.25,0.22,0.38,0.23,beginner
18,10,0.61,1,1,0.72,0.53,0.58,0.59,intermediate
13,7,0.43,1,1,0.77,0.44,0.56,0.73,intermediate
19,7,0.39,2,1,0.64,0.39,0.76,0.75,intermediate
18,10,0.62,1,1,0.68,0.48,0.68,0.64,intermediate
22,7,0.5,2,0,0.64,0.48,0.76,0.67,intermediate
19,7,0.42,1,0,0.67,0.4,0.58,0.59,intermediate
21,7,0.57,2,1,0.63,0.44,0.71,0.58,intermediate
12,5,0.4,1,0,0.66,0.49,0.69,0.7,intermediate
13,6,0.51,2,0,0.69,0.4,0.56,0.68,intermediate
12,8,0.54,2,1,0.75,0.64,0.72,0.74,intermediate
22,11,0.41,2,0,0.59,0.59,0.74,0.69,intermediate
12,8,0.47,1,0,0.72,0.54,0.63,0.65,intermediate
11,9,0.39,2,0,0.6,0.49,0.75,0.67,intermediate
19,6,0.62,1,1,0.75,0.41,0.67,0.72,intermediate
12,11,0.5,2,1,0.67,0.52,0.64,0.56,intermediate
10,8,0.4,2,0,0.69,0.57,0.72,0.73,intermediate
13,6,0.36,1,0,0.76,0.53,0.57,0.69,intermediate
15,7,0.39,2,1,0.67,0.6,0.64,0.6,intermediate
19,8,0.58,2,1,0.61,0.55,0.67,0.68,intermediate
18,7,0.58,2,0,0.59,0.65,0.68,0.66,intermediate
20,6,0.39,2,1,0.75,0.5,0.7,0.72,intermediate
15,10,0.36,1,0,0.73,0.39,0.69,0.71,intermediate
14,5,0.54,2,1,0.66,0.45,0.69,0.57,intermediate
21,11,0.41,2,1,0.69,0.54,0.67,0.71,intermediate
12,5,0.59,1,0,0.55,0.52,0.75,0.76,intermediate
10,7,0.59,2,1,0.71,0.64,0.63,0.7,intermediate
10,9,0.44,2,1,0.64,0.57,0.6,0.55,intermediate
15,9,0.36,1,1,0.77,0.43,0.61,0.69,intermediate
10,11,0.51,2,1,0.67,0.47,0.68,0.67,intermediate
21,7,0.64,2,1,0.71,0.59,0.77,0.68,intermediate
15,10,0.59,1,0,0.76,0.45,0.75,0.66,intermediate
20,11,0.44,2,0,0.73,0.52,0.64,0.63,intermediate
11,8,0.45,1,1,0.64,0.53,0.72,0.63,intermediate
20,6,0.43,1,1,0.59,0.43,0.72,0.76,intermediate
11,11,0.39,1,1,0.6,0.55,0.6,0.61,intermediate
16,7,0.54,2,1,0.69,0.39,0.73,0.67,intermediate
12,11,0.53,1,1,0.66,0.46,0.78,0.76,intermediate
19,11,0.41,1,1,0.66,0.49,0.67,0.67,intermediate
10,7,0.46,2,0,0.62,0.48,0.55,0.71,intermediate
14,6,0.5,1,1,0.68,0.55,0.6,0.66,intermediate
11,9,0.4,1,0,0.71,0.46,0.64,0.75,intermediate
12,6,0.59,1,1,0.72,0.61,0.73,0.68,intermediate
22,10,0.51,2,1,0.74,0.65,0.59,0.66,intermediate
20,6,0.38,2,1,0.62,0.49,0.68,0.68,intermediate
14,9,0.52,2,1,0.74,0.45,0.57,0.72,intermediate
12,9,0.53,1,1,0.55,0.64,0.58,0.75,intermediate
10,8,0.54,2,0,0.63,0.58,0.7,0.66,intermediate
18,9,0.48,1,0,0.75,0.49,0.7,0.76,intermediate
13,9,0.55,2,1,0.59,0.46,0.6,0.62,intermediate
16,8,0.41,1,0,0.73,0.52,0.77,0.72,intermediate
10,6,0.41,1,0,0.72,0.57,0.7,0.77,intermediate
15,9,0.58,1,0,0.56,0.39,0.75,0.68,intermediate
13,6,0.43,2,1,0.61,0.62,0.59,0.7,intermediate
19,7,0.61,2,1,0.69,0.39,0.58,0.74,intermediate
11,10,0.52,2,1,0.66,0.53,0.75,0.77,intermediate
17,6,0.59,2,1,0.67,0.47,0.7,0.62,intermediate
22,11,0.61,2,1,0.63,0.38,0.61,0.62,intermediate
16,7,0.36,2,1,0.66,0.64,0.55,0.76,intermediate
17,8,0.47,1,1,0.69,0.43,0.73,0.68,intermediate
17,11,0.59,2,1,0.74,0.55,0.6,0.57,intermediate
10,6,0.4,1,1,0.7,0.43,0.67,0.61,intermediate
9,6,0.37,1,0,0.69,0.43,0.61,0.69,intermediate
9,6,0.39,1,1,0.77,0.5,0.61,0.58,intermediate
14,8,0.56,1,1,0.6,0.51,0.65,0.73,intermediate
15,5,0.52,1,0,0.57,0.45,0.72,0.58,intermediate
21,10,0.43,2,0,0.76,0.38,0.61,0.64,intermediate
17,10,0.64,2,1,0.72,0.59,0.56,0.66,intermediate
9,10,0.63,1,1,0.71,0.55,0.62,0.62,intermediate
19,6,0.64,1,1,0.66,0.39,0.62,0.63,intermediate
21,6,0.36,1,1,0.62,0.41,0.59,0.61,intermediate
16,5,0.56,2,0,0.71,0.45,0.59,0.73,intermediate
11,8,0.43,2,1,0.56,0.59,0.7,0.71,intermediate
13,5,0.5,2,1,0.72,0.58,0.55,0.64,intermediate
14,10,0.5,1,0,0.67,0.53,0.66,0.68,intermediate
16,5,0.59,2,0,0.67,0.53,0.65,0.74,intermediate
14,10,0.38,2,0,0.75,0.55,0.69,0.63,intermediate
14,8,0.55,1,0,0.67,0.55,0.66,0.68,intermediate
22,5,0.42,2,0,0.67,0.42,0.57,0.74,intermediate
17,9,0.56,2,0,0.57,0.56,0.68,0.74,intermediate
12,10,0.5,1,1,0.63,0.63,0.69,0.57,intermediate
15,11,0.47,1,1,0.73,0.63,0.56,0.68,intermediate
12,9,0.39,1,1,0.67,0.4,0.72,0.74,intermediate
11,9,0.58,2,0,0.59,0.55,0.67,0.61,intermediate
15,5,0.41,1,1,0.73,0.57,0.68,0.71,intermediate
14,7,0.52,2,1,0.67,0.54,0.7,0.67,intermediate
12,9,0.52,2,1,0.64,0.47,0.7,0.74,intermediate
9,7,0.53,1,1,0.63,0.38,0.65,0.77,intermediate
21,11,0.63,2,0,0.55,0.47,0.78,0.6,intermediate
18,6,0.43,2,0,0.57,0.45,0.66,0.59,intermediate
14,11,0.5,2,0,0.68,0.4,0.68,0.6,intermediate
10,11,0.38,2,1,0.69,0.54,0.62,0.72,intermediate
21,6,0.58,1,1,0.75,0.41,0.65,0.76,intermediate
14,9,0.56,1,0,0.56,0.53,0.67,0.62,intermediate
18,9,0.39,2,1,0.7,0.58,0.78,0.77,intermediate
20,5,0.52,2,0,0.73,0.51,0.58,0.63,intermediate
16,9,0.42,2,0,0.64,0.59,0.65,0.71,intermediate
13,11,0.48,1,0,0.68,0.45,0.78,0.67,intermediate
18,10,0.37,2,0,0.7,0.47,0.65,0.63,intermediate
11,8,0.37,1,0,0.78,0.5,0.69,0.78,intermediate
20,5,0.43,1,1,0.71,0.4,0.59,0.72,intermediate
9,7,0.42,1,0,0.55,0.5,0.71,0.58,intermediate
11,10,0.56,1,1,0.68,0.55,0.72,0.68,intermediate
13,6,0.59,2,0,0.68,0.43,0.7,0.56,intermediate
19,11,0.62,2,0,0.66,0.56,0.77,0.57,intermediate
15,9,0.64,1,1,0.55,0.44,0.75,0.7,intermediate
16,9,0.63,1,0,0.66,0.43,0.69,0.57,intermediate
11,5,0.46,2,1,0.61,0.49,0.67,0.63,intermediate
21,5,0.54,2,0,0.69,0.52,0.6,0.77,intermediate
15,10,0.4,2,0,0.77,0.47,0.77,0.6,intermediate
18,7,0.49,1,0,0.65,0.46,0.68,0.65,intermediate
11,7,0.56,1,1,0.7,0.43,0.68,0.71,intermediate
11,7,0.38,1,0,0.78,0.63,0.77,0.58,intermediate
15,8,0.45,2,0,0.62,0.59,0.75,0.72,intermediate
18,9,0.44,1,0,0.73,0.59,0.57,0.59,intermediate
11,9,0.61,2,1,0.6,0.59,0.56,0.57,intermediate
12,5,0.48,1,1,0.59,0.42,0.64,0.66,intermediate
12,5,0.41,2,1,0.77,0.43,0.6,0.7,intermediate
21,5,0.54,2,1,0.71,0.5,0.75,0.75,intermediate
19,10,0.59,1,1,0.64,0.52,0.77,0.68,intermediate
17,8,0.65,1,1,0.66,0.45,0.75,0.75,intermediate
15,7,0.58,2,1,0.67,0.46,0.7,0.56,intermediate
11,8,0.6,2,0,0.59,0.57,0.62,0.76,intermediate
20,9,0.4,2,1,0.72,0.63,0.58,0.73,intermediate
12,8,0.39,2,0,0.65,0.57,0.59,0.69,intermediate
14,5,0.51,2,0,0.72,0.5,0.58,0.58,intermediate
18,11,0.55,1,0,0.64,0.63,0.64,0.73,intermediate
13,10,0.58,2,1,0.75,0.49,0.59,0.71,intermediate
18,11,0.43,2,1,0.69,0.43,0.58,0.58,intermediate
12,6,0.53,2,1,0.75,0.62,0.68,0.55,intermediate
17,7,0.54,1,0,0.64,0.45,0.57,0.69,intermediate
9,10,0.53,2,1,0.59,0.42,0.56,0.63,intermediate
19,7,0.54,1,1,0.76,0.43,0.56,0.65,intermediate
14,7,0.62,1,1,0.72,0.59,0.63,0.56,intermediate
22,7,0.46,2,0,0.74,0.41,0.56,0.66,intermediate
19,9,0.65,2,1,0.71,0.58,0.69,0.58,intermediate
18,7,0.63,2,1,0.65,0.54,0.74,0.61,intermediate
12,5,0.39,2,0,0.66,0.57,0.59,0.69,intermediate
9,7,0.46,1,0,0.72,0.49,0.6,0.69,intermediate
13,9,0.52,1,0,0.7,0.4,0.71,0.61,intermediate
9,11,0.41,2,1,0.71,0.55,0.63,0.72,intermediate
11,8,0.41,2,1,0.76,0.39,0.66,0.66,intermediate
17,7,0.52,2,0,0.66,0.4,0.74,0.76,intermediate
14,5,0.64,2,0,0.6,0.62,0.71,0.73,intermediate
18,8,0.41,1,1,0.63,0.42,0.64,0.67,intermediate
16,6,0.47,2,0,0.71,0.49,0.62,0.56,intermediate
12,5,0.49,1,1,0.67,0.39,0.59,0.64,intermediate
22,9,0.45,2,0,0.76,0.51,0.59,0.63,intermediate
11,6,0.57,2,1,0.73,0.52,0.57,0.78,intermediate
19,11,0.53,1,1,0.71,0.63,0.67,0.55,intermediate
13,5,0.53,2,0,0.66,0.56,0.56,0.67,intermediate
16,10,0.39,1,0,0.62,0.47,0.59,0.61,intermediate
12,9,0.46,2,1,0.61,0.52,0.55,0.69,intermediate
10,7,0.54,2,1,0.58,0.45,0.71,0.62,intermediate
15,5,0.38,2,0,0.56,0.39,0.56,0.76,intermediate
16,9,0.46,2,0,0.71,0.57,0.75,0.69,intermediate
21,11,0.5,1,0,0.71,0.64,0.7,0.67,intermediate
19,10,0.57,2,1,0.74,0.5,0.76,0.66,intermediate
14,8,0.41,2,1,0.6,0.55,0.6,0.75,intermediate
16,11,0.41,2,0,0.65,0.47,0.56,0.66,intermediate
17,10,0.38,2,1,0.67,0.41,0.64,0.71,intermediate
16,8,0.38,1,1,0.64,0.53,0.65,0.69,intermediate
12,6,0.55,1,1,0.73,0.53,0.65,0.73,intermediate
16,6,0.45,2,0,0.58,0.41,0.69,0.62,intermediate
14,8,0.55,1,0,0.69,0.6,0.71,0.69,intermediate
21,5,0.58,1,1,0.6,0.58,0.58,0.68,intermediate
19,7,0.45,2,1,0.67,0.43,0.64,0.68,intermediate
18,9,0.48,1,1,0.72,0.54,0.76,0.78,intermediate
17,11,0.64,1,1,0.56,0.38,0.76,0.77,intermediate
14,10,0.47,2,1,0.75,0.49,0.6,0.71,intermediate
15,11,0.63,2,0,0.68,0.43,0.7,0.66,intermediate
19,5,0.4,2,1,0.62,0.38,0.75,0.58,intermediate
22,8,0.62,2,0,0.77,0.6,0.58,0.58,intermediate
12,6,0.48,1,1,0.65,0.48,0.65,0.74,intermediate
17,9,0.47,1,1,0.74,0.49,0.6,0.67,intermediate
11,10,0.57,2,1,0.71,0.57,0.58,0.66,intermediate
19,10,0.55,1,1,0.67,0.45,0.67,0.69,intermediate
16,9,0.62,2,1,0.69,0.38,0.76,0.67,intermediate
20,9,0.58,2,0,0.63,0.43,0.77,0.62,intermediate
13,11,0.57,1,1,0.69,0.56,0.68,0.68,intermediate
13,6,0.54,2,1,0.66,0.59,0.58,0.57,intermediate
11,10,0.49,1,1,0.55,0.54,0.58,0.59,intermediate
9,7,0.65,1,0,0.73,0.52,0.6,0.59,intermediate
19,8,0.57,1,0,0.74,0.48,0.72,0.64,intermediate
22,5,0.38,2,1,0.68,0.45,0.74,0.56,intermediate
12,8,0.56,2,1,0.66,0.63,0.66,0.77,intermediate
21,8,0.47,2,0,0.61,0.46,0.67,0.65,intermediate
18,10,0.61,2,1,0.57,0.61,0.67,0.63,intermediate
21,10,0.58,1,1,0.61,0.49,0.57,0.7,intermediate
9,11,0.38,2,0,0.71,0.38,0.78,0.62,intermediate
13,6,0.37,1,0,0.67,0.58,0.71,0.63,intermediate
19,5,0.57,1,0,0.77,0.64,0.7,0.74,intermediate
18,11,0.64,1,0,0.75,0.62,0.58,0.7,intermediate
13,11,0.48,2,1,0.61,0.55,0.66,0.77,intermediate
14,5,0.43,2,0,0.59,0.48,0.57,0.73,intermediate
11,10,0.5,1,1,0.65,0.54,0.66,0.76,intermediate
10,5,0.38,2,1,0.6,0.57,0.7,0.76,intermediate
9,10,0.47,1,1,0.55,0.38,0.66,0.7,intermediate
16,8,0.49,1,0,0.76,0.63,0.68,0.67,intermediate
18,9,0.63,2,1,0.55,0.51,0.77,0.74,intermediate
10,7,0.52,2,0,0.71,0.64,0.64,0.7,intermediate
17,5,0.64,1,1,0.74,0.43,0.72,0.62,intermediate
10,10,0.49,1,0,0.71,0.48,0.76,0.7,intermediate
15,5,0.59,2,1,0.56,0.44,0.56,0.78,intermediate
9,7,0.38,1,1,0.67,0.65,0.74,0.65,intermediate
19,11,0.61,1,0,0.58,0.5,0.74,0.7,intermediate
16,9,0.37,1,0,0.76,0.56,0.56,0.58,intermediate
16,9,0.41,1,0,0.59,0.59,0.56,0.62,intermediate
12,8,0.46,2,1,0.58,0.4,0.69,0.69,intermediate
21,6,0.58,1,1,0.58,0.47,0.71,0.68,intermediate
14,9,0.41,1,0,0.56,0.43,0.61,0.72,intermediate
11,5,0.62,1,0,0.58,0.48,0.73,0.7,intermediate
13,8,0.56,2,0,0.55,0.54,0.76,0.71,intermediate
11,9,0.56,1,1,0.6,0.49,0.7,0.67,intermediate
15,5,0.52,1,0,0.69,0.46,0.57,0.74,intermediate
17,9,0.42,1,1,0.78,0.61,0.77,0.69,intermediate
16,8,0.41,1,0,0.56,0.61,0.58,0.58,intermediate
21,11,0.49,1,0,0.7,0.47,0.62,0.65,intermediate
10,5,0.62,2,1,0.76,0.51,0.59,0.73,intermediate
10,7,0.43,1,1,0.65,0.44,0.72,0.76,intermediate
16,5,0.62,1,0,0.75,0.51,0.64,0.6,intermediate
20,6,0.54,2,0,0.76,0.42,0.65,0.64,intermediate
10,11,0.5,2,0,0.63,0.46,0.56,0.68,intermediate
21,10,0.64,1,0,0.72,0.42,0.6,0.62,intermediate
18,8,0.6,2,0,0.57,0.65,0.75,0.66,intermediate
18,6,0.62,1,0,0.72,0.47,0.72,0.61,intermediate
17,5,0.48,2,1,0.65,0.58,0.56,0.78,intermediate
10,9,0.58,2,0,0.74,0.51,0.71,0.57,intermediate
16,10,0.45,2,0,0.58,0.4,0.62,0.7,intermediate
11,11,0.61,2,0,0.77,0.57,0.66,0.58,intermediate
9,7,0.48,2,0,0.75,0.47,0.57,0.76,intermediate
9,9,0.63,2,0,0.73,0.58,0.57,0.75,intermediate
11,10,0.52,1,0,0.58,0.48,0.63,0.69,intermediate
20,11,0.53,1,0,0.58,0.56,0.63,0.67,intermediate
9,5,0.47,2,1,0.62,0.49,0.76,0.67,intermediate
22,9,0.62,2,1,0.67,0.52,0.74,0.66,intermediate
10,6,0.62,2,0,0.73,0.63,0.77,0.74,intermediate
10,6,0.44,1,1,0.57,0.64,0.76,0.62,intermediate
15,10,0.52,1,1,0.58,0.39,0.6,0.77,intermediate
10,5,0.61,1,1,0.63,0.46,0.65,0.7,intermediate
18,10,0.56,2,1,0.64,0.47,0.63,0.7,intermediate
13,6,0.5,2,0,0.62,0.43,0.58,0.73,intermediate
11,10,0.52,1,0,0.58,0.55,0.62,0.77,intermediate
12,5,0.37,2,0,0.74,0.42,0.71,0.7,intermediate
19,7,0.64,1,1,0.65,0.57,0.64,0.6,intermediate
9,8,0.63,1,1,0.65,0.41,0.77,0.67,intermediate
17,7,0.55,2,1,0.76,0.53,0.59,0.77,intermediate
19,6,0.59,2,1,0.76,0.65,0.77,0.72,intermediate
17,5,0.45,2,0,0.71,0.42,0.72,0.76,intermediate
18,9,0.42,2,0,0.65,0.55,0.57,0.56,intermediate
10,9,0.47,2,1,0.56,0.56,0.67,0.65,intermediate
15,6,0.57,2,1,0.69,0.56,0.67,0.56,intermediate
16,11,0.52,1,1,0.64,0.46,0.55,0.63,intermediate
20,8,0.57,2,0,0.72,0.42,0.65,0.65,intermediate
22,9,0.65,1,1,0.74,0.46,0.69,0.58,intermediate
17,8,0.57,1,0,0.57,0.49,0.64,0.76,intermediate
22,7,0.6,2,1,0.59,0.39,0.64,0.68,intermediate
13,7,0.64,2,0,0.68,0.38,0.66,0.56,intermediate
20,10,0.43,1,1,0.7,0.51,0.76,0.65,intermediate
16,9,0.49,2,1,0.66,0.48,0.77,0.69,intermediate
9,11,0.44,1,0,0.77,0.58,0.74,0.64,intermediate
13,7,0.48,2,0,0.62,0.42,0.75,0.58,intermediate
21,10,0.41,1,0,0.62,0.52,0.67,0.77,intermediate
13,7,0.56,2,0,0.68,0.56,0.75,0.74,intermediate
13,7,0.59,2,1,0.67,0.42,0.63,0.58,intermediate
22,6,0.59,1,1,0.76,0.52,0.59,0.6,intermediate
16,7,0.45,2,0,0.66,0.63,0.57,0.74,intermediate
14,6,0.57,1,0,0.74,0.59,0.75,0.69,intermediate
11,6,0.4,1,1,0.6,0.44,0.75,0.58,intermediate
21,8,0.37,1,0,0.71,0.59,0.73,0.57,intermediate
13,5,0.38,1,0,0.73,0.41,0.67,0.56,intermediate
11,10,0.46,1,0,0.73,0.62,0.76,0.6,intermediate
11,11,0.51,1,0,0.74,0.47,0.77,0.77,intermediate
12,7,0.41,1,0,0.57,0.44,0.68,0.55,intermediate
20,9,0.41,1,0,0.76,0.51,0.76,0.75,intermediate
15,5,0.58,2,0,0.74,0.52,0.78,0.65,intermediate
13,9,0.57,1,1,0.66,0.48,0.67,0.66,intermediate
19,11,0.49,2,1,0.66,0.58,0.64,0.66,intermediate
21,8,0.63,2,0,0.78,0.62,0.65,0.75,intermediate
17,10,0.56,1,0,0.55,0.49,0.71,0.7,intermediate
11,5,0.47,1,1,0.64,0.58,0.71,0.77,intermediate
15,10,0.5,2,1,0.6,0.44,0.74,0.64,intermediate
17,7,0.4,2,0,0.63,0.65,0.7,0.77,intermediate
9,5,0.57,1,1,0.58,0.63,0.66,0.6,intermediate
11,7,0.54,1,0,0.71,0.56,0.77,0.64,intermediate
13,10,0.5,2,1,0.7,0.51,0.67,0.66,intermediate
15,5,0.47,2,1,0.74,0.59,0.67,0.55,intermediate
21,7,0.62,1,1,0.65,0.56,0.56,0.59,intermediate
18,10,0.5,2,1,0.65,0.59,0.62,0.64,intermediate
18,8,0.54,2,1,0.68,0.45,0.59,0.56,intermediate
14,11,0.58,1,1,0.62,0.61,0.56,0.56,intermediate
9,10,0.43,1,1,0.64,0.49,0.65,0.78,intermediate
14,6,0.37,2,0,0.69,0.46,0.76,0.57,intermediate
13,5,0.56,1,1,0.66,0.62,0.75,0.68,intermediate
10,10,0.56,2,1,0.64,0.6,0.64,0.68,intermediate
14,8,0.42,1,0,0.67,0.55,0.73,0.63,intermediate
12,9,0.58,1,0,0.62,0.49,0.56,0.78,intermediate
15,6,0.46,1,1,0.69,0.52,0.61,0.68,intermediate
15,8,0.43,2,0,0.67,0.46,0.62,0.7,intermediate
16,6,0.55,2,1,0.75,0.43,0.69,0.67,intermediate
15,9,0.57,1,0,0.77,0.59,0.67,0.69,intermediate
13,11,0.49,2,0,0.63,0.57,0.58,0.58,intermediate
11,7,0.56,1,1,0.7,0.46,0.74,0.61,intermediate
13,8,0.5,2,1,0.6,0.6,0.58,0.56,intermediate
13,11,0.59,1,0,0.7,0.42,0.56,0.59,intermediate
10,7,0.53,1,1,0.77,0.61,0.66,0.55,intermediate
22,10,0.6,1,0,0.76,0.49,0.7,0.75,intermediate
18,11,0.63,2,1,0.68,0.56,0.67,0.58,intermediate
14,11,0.53,2,0,0.75,0.6,0.6,0.58,intermediate
13,8,0.48,1,1,0.77,0.44,0.6,0.57,intermediate
16,10,0.43,2,0,0.67,0.53,0.71,0.58,intermediate
18,5,0.6,1,0,0.63,0.39,0.71,0.74,intermediate
21,10,0.4,1,1,0.61,0.57,0.64,0.7,intermediate
13,7,0.39,1,1,0.64,0.64,0.76,0.64,intermediate
21,11,0.55,1,1,0.6,0.55,0.75,0.76,intermediate
15,11,0.46,2,0,0.75,0.51,0.74,0.77,intermediate
18,10,0.6,2,1,0.74,0.48,0.71,0.67,intermediate
16,11,0.55,1,1,0.71,0.43,0.73,0.7,intermediate
12,9,0.57,1,1,0.6,0.41,0.62,0.68,intermediate
13,6,0.56,2,1,0.73,0.58,0.62,0.66,intermediate
22,9,0.43,1,0,0.6,0.62,0.65,0.59,intermediate
11,5,0.48,2,1,0.76,0.57,0.77,0.6,intermediate
9,10,0.51,2,1,0.58,0.53,0.77,0.59,intermediate
21,7,0.44,2,1,0.58,0.61,0.71,0.59,intermediate
13,10,0.56,2,0,0.58,0.65,0.75,0.69,intermediate
18,8,0.62,2,1,0.64,0.45,0.58,0.62,intermediate
15,10,0.42,2,1,0.57,0.64,0.66,0.75,intermediate
14,6,0.5,2,0,0.72,0.4,0.61,0.57,intermediate
19,7,0.4,1,0,0.55,0.64,0.67,0.64,intermediate
11,5,0.45,2,0,0.61,0.62,0.67,0.76,intermediate
22,7,0.58,2,1,0.61,0.51,0.62,0.78,intermediate
17,7,0.49,1,1,0.76,0.63,0.61,0.74,intermediate
19,10,0.59,1,0,0.72,0.53,0.66,0.77,intermediate
20,8,0.49,2,0,0.58,0.45,0.6,0.56,intermediate
10,11,0.57,1,0,0.65,0.5,0.78,0.68,intermediate
20,9,0.6,1,0,0.63,0.61,0.6,0.62,intermediate
21,8,0.56,2,0,0.67,0.4,0.68,0.65,intermediate
10,11,0.45,1,0,0.62,0.48,0.78,0.58,intermediate
13,9,0.55,2,0,0.66,0.55,0.71,0.66,intermediate
20,11,0.53,1,0,0.7,0.58,0.77,0.62,intermediate
17,9,0.47,2,1,0.73,0.58,0.62,0.73,intermediate
22,6,0.41,2,1,0.59,0.4,0.77,0.75,intermediate
21,8,0.57,2,0,0.7,0.46,0.77,0.59,intermediate
16,8,0.5,2,0,0.63,0.43,0.57,0.63,intermediate
15,5,0.37,2,1,0.72,0.5,0.74,0.69,intermediate
17,10,0.55,1,1,0.71,0.63,0.7,0.71,intermediate
11,10,0.62,1,1,0.66,0.46,0.57,0.73,intermediate
10,9,0.48,1,1,0.62,0.39,0.56,0.57,intermediate
10,11,0.51,1,1,0.7,0.45,0.68,0.61,intermediate
20,7,0.45,2,1,0.59,0.4,0.59,0.64,intermediate
11,6,0.41,2,0,0.69,0.62,0.61,0.77,intermediate
19,8,0.49,2,1,0.65,0.38,0.55,0.64,intermediate
20,10,0.47,2,0,0.62,0.57,0.74,0.69,intermediate
12,11,0.37,2,0,0.58,0.38,0.55,0.58,intermediate
12,5,0.45,2,0,0.7,0.59,0.65,0.69,intermediate
20,8,0.64,2,0,0.66,0.42,0.56,0.59,intermediate
22,8,0.37,1,0,0.75,0.53,0.68,0.6,intermediate
20,9,0.53,2,0,0.69,0.61,0.71,0.78,intermediate
19,11,0.61,1,0,0.66,0.55,0.66,0.69,intermediate
19,8,0.62,1,1,0.67,0.4,0.65,0.62,intermediate
11,7,0.57,2,1,0.69,0.5,0.7,0.65,intermediate
18,11,0.6,2,0,0.65,0.56,0.67,0.69,intermediate
19,10,0.57,2,0,0.75,0.49,0.72,0.64,intermediate
11,6,0.42,2,0,0.69,0.56,0.61,0.72,intermediate
17,5,0.65,2,1,0.73,0.44,0.77,0.66,intermediate
9,11,0.38,2,0,0.63,0.62,0.59,0.74,intermediate
14,11,0.46,1,1,0.69,0.45,0.58,0.6,intermediate
10,10,0.37,2,1,0.76,0.54,0.75,0.75,intermediate
18,11,0.61,1,0,0.77,0.59,0.72,0.77,intermediate
14,6,0.57,2,1,0.67,0.44,0.59,0.58,intermediate
11,5,0.61,2,1,0.72,0.47,0.57,0.7,intermediate
13,9,0.41,2,1,0.73,0.51,0.55,0.74,intermediate
21,11,0.51,1,0,0.71,0.45,0.65,0.69,intermediate
22,9,0.59,2,0,0.73,0.5,0.65,0.64,intermediate
10,5,0.46,2,0,0.65,0.52,0.73,0.72,intermediate
11,9,0.38,2,1,0.65,0.63,0.64,0.56,intermediate
20,7,0.62,1,1,0.64,0.46,0.71,0.68,intermediate
19,6,0.62,2,1,0.76,0.49,0.69,0.58,intermediate
13,5,0.37,2,1,0.75,0.43,0.73,0.64,intermediate
13,6,0.39,2,1,0.72,0.65,0.72,0.58,intermediate
18,7,0.43,2,1,0.72,0.6,0.59,0.56,intermediate
19,9,0.46,1,0,0.78,0.48,0.58,0.56,intermediate
12,11,0.58,1,1,0.65,0.47,0.68,0.55,intermediate
11,10,0.47,1,0,0.62,0.53,0.7,0.74,intermediate
10,6,0.57,2,0,0.63,0.48,0.68,0.74,intermediate
10,7,0.56,2,1,0.57,0.44,0.65,0.58,intermediate
20,8,0.57,2,0,0.75,0.65,0.68,0.7,intermediate
20,9,0.61,1,0,0.58,0.41,0.58,0.71,intermediate
10,9,0.61,1,0,0.65,0.53,0.56,0.59,intermediate
13,7,0.45,2,0,0.64,0.41,0.62,0.67,intermediate
13,7,0.42,2,0,0.73,0.39,0.58,0.69,intermediate
18,7,0.52,2,1,0.58,0.49,0.63,0.75,intermediate
17,10,0.49,2,1,0.66,0.59,0.72,0.69,intermediate
18,8,0.47,2,1,0.58,0.55,0.72,0.57,intermediate
19,5,0.61,1,1,0.67,0.58,0.77,0.75,intermediate
18,9,0.53,1,0,0.68,0.43,0.58,0.68,intermediate
17,6,0.64,2,0,0.72,0.56,0.67,0.55,intermediate
21,9,0.54,2,0,0.61,0.5,0.71,0.75,intermediate
9,11,0.51,2,1,0.66,0.43,0.76,0.63,intermediate
11,7,0.58,1,1,0.57,0.46,0.78,0.67,intermediate
11,5,0.57,2,1,0.77,0.64,0.71,0.56,intermediate
22,5,0.38,1,0,0.57,0.45,0.58,0.76,intermediate
9,7,0.49,2,0,0.66,0.41,0.72,0.64,intermediate
13,9,0.64,1,0,0.66,0.62,0.64,0.6,intermediate
16,5,0.61,1,0,0.73,0.53,0.7,0.58,intermediate
15,9,0.49,1,1,0.64,0.53,0.78,0.73,intermediate
9,8,0.44,2,1,0.77,0.43,0.69,0.7,intermediate
13,5,0.41,1,1,0.78,0.61,0.74,0.6,intermediate
13,8,0.42,2,1,0.57,0.58,0.71,0.74,intermediate
19,7,0.46,2,1,0.7,0.45,0.78,0.71,intermediate
16,5,0.62,1,1,0.55,0.38,0.71,0.7,intermediate
10,11,0.61,1,0,0.68,0.49,0.71,0.66,intermediate
22,8,0.6,2,1,0.76,0.41,0.74,0.65,intermediate
16,7,0.63,2,0,0.59,0.38,0.73,0.71,intermediate
14,6,0.39,2,0,0.6,0.63,0.55,0.61,intermediate
20,10,0.54,1,0,0.6,0.46,0.66,0.63,intermediate
17,8,0.41,1,0,0.78,0.45,0.7,0.58,intermediate
18,11,0.43,2,0,0.57,0.45,0.58,0.56,intermediate
18,7,0.56,2,0,0.74,0.56,0.56,0.77,intermediate
14,8,0.6,2,1,0.77,0.39,0.7,0.77,intermediate
9,10,0.43,2,1,0.58,0.52,0.67,0.66,intermediate
18,11,0.37,1,1,0.67,0.47,0.62,0.64,intermediate
10,10,0.54,1,1,0.77,0.47,0.76,0.6,intermediate
22,7,0.43,2,0,0.65,0.63,0.56,0.73,intermediate
12,5,0.58,2,0,0.77,0.52,0.74,0.74,intermediate
9,8,0.45,1,0,0.69,0.4,0.68,0.57,intermediate
15,5,0.39,1,0,0.56,0.54,0.73,0.56,intermediate
12,11,0.53,1,1,0.62,0.58,0.64,0.57,intermediate
14,10,0.63,1,1,0.64,0.55,0.73,0.75,intermediate
20,5,0.53,1,0,0.67,0.38,0.69,0.57,intermediate
16,6,0.43,1,0,0.7,0.58,0.61,0.65,intermediate
14,7,0.53,1,0,0.58,0.56,0.68,0.67,intermediate
17,9,0.55,1,0,0.66,0.64,0.69,0.62,intermediate
14,6,0.64,1,0,0.6,0.39,0.74,0.68,intermediate
18,10,0.46,2,1,0.63,0.65,0.7,0.71,intermediate
9,8,0.42,1,0,0.65,0.59,0.59,0.65,intermediate
21,11,0.46,2,0,0.71,0.51,0.66,0.6,intermediate
14,5,0.52,1,1,0.64,0.38,0.74,0.55,intermediate
9,6,0.42,1,0,0.65,0.48,0.7,0.76,intermediate
11,6,0.37,2,0,0.75,0.53,0.72,0.63,intermediate
10,7,0.63,2,1,0.55,0.59,0.71,0.64,intermediate
21,9,0.62,1,0,0.61,0.63,0.74,0.7,intermediate
15,10,0.47,2,0,0.58,0.43,0.76,0.73,intermediate
13,11,0.4,1,0,0.76,0.61,0.73,0.69,intermediate
18,8,0.42,1,1,0.69,0.52,0.61,0.58,intermediate
19,11,0.51,2,1,0.73,0.48,0.69,0.59,intermediate
16,8,0.44,2,0,0.59,0.51,0.71,0.67,intermediate
12,7,0.48,2,0,0.6,0.44,0.76,0.65,intermediate
10,7,0.49,2,0,0.77,0.42,0.64,0.68,intermediate
16,8,0.48,2,1,0.68,0.5,0.66,0.69,intermediate
10,7,0.62,2,0,0.61,0.45,0.56,0.65,intermediate
9,9,0.42,1,1,0.73,0.4,0.76,0.57,intermediate
12,10,0.54,1,1,0.61,0.61,0.72,0.73,intermediate
15,8,0.6,1,1,0.55,0.59,0.62,0.74,intermediate
12,6,0.57,1,1,0.7,0.61,0.78,0.77,intermediate
22,8,0.46,1,1,0.6,0.51,0.69,0.68,intermediate
16,8,0.61,1,1,0.74,0.49,0.65,0.77,intermediate
16,11,0.55,2,1,0.58,0.58,0.75,0.62,intermediate
20,9,0.45,1,0,0.6,0.59,0.65,0.72,intermediate
19,11,0.53,2,1,0.76,0.47,0.59,0.77,intermediate
10,7,0.53,2,1,0.6,0.43,0.64,0.67,intermediate
20,9,0.5,1,0,0.57,0.39,0.57,0.68,intermediate
19,9,0.38,1,1,0.57,0.44,0.77,0.62,intermediate
11,5,0.4,2,1,0.67,0.49,0.59,0.75,intermediate
22,6,0.45,2,0,0.72,0.44,0.64,0.76,intermediate
19,8,0.44,1,0,0.69,0.52,0.77,0.69,intermediate
14,9,0.61,2,1,0.65,0.45,0.74,0.69,intermediate
16,7,0.56,2,1,0.68,0.62,0.72,0.62,intermediate
18,10,0.49,2,0,0.69,0.45,0.74,0.59,intermediate
22,6,0.44,2,0,0.71,0.39,0.57,0.71,intermediate
21,9,0.4,2,0,0.71,0.51,0.72,0.6,intermediate
11,7,0.42,1,1,0.72,0.49,0.67,0.73,intermediate
14,10,0.48,1,1,0.56,0.5,0.7,0.71,intermediate
19,10,0.49,2,0,0.56,0.42,0.61,0.71,intermediate
16,11,0.44,1,0,0.57,0.5,0.7,0.71,intermediate
20,8,0.41,1,1,0.74,0.41,0.69,0.59,intermediate
19,9,0.42,1,0,0.59,0.39,0.63,0.6,intermediate
21,8,0.58,1,1,0.64,0.38,0.62,0.56,intermediate
9,7,0.6,1,0,0.76,0.39,0.6,0.55,intermediate
20,6,0.37,1,1,0.77,0.56,0.57,0.74,intermediate
15,8,0.4,1,0,0.62,0.63,0.69,0.69,intermediate
15,6,0.49,1,1,0.63,0.47,0.59,0.64,intermediate
13,11,0.53,1,0,0.7,0.44,0.63,0.57,intermediate
15,10,0.63,1,1,0.61,0.55,0.57,0.62,intermediate
19,8,0.38,1,1,0.59,0.64,0.73,0.71,intermediate
9,6,0.37,1,1,0.64,0.54,0.7,0.6,intermediate
11,7,0.5,1,0,0.6,0.4,0.65,0.61,intermediate
16,10,0.61,1,1,0.64,0.58,0.7,0.6,intermediate
15,10,0.6,1,0,0.62,0.59,0.73,0.56,intermediate
19,6,0.59,1,1,0.74,0.53,0.63,0.61,intermediate
16,5,0.64,1,0,0.67,0.4,0.59,0.69,intermediate
21,6,0.43,1,1,0.77,0.53,0.58,0.59,intermediate
11,9,0.43,2,1,0.72,0.45,0.62,0.72,intermediate
14,8,0.47,2,1,0.77,0.51,0.6,0.75,intermediate
21,8,0.37,2,1,0.65,0.42,0.69,0.65,intermediate
11,9,0.57,2,1,0.75,0.54,0.72,0.76,intermediate
10,7,0.4,2,0,0.66,0.54,0.65,0.64,intermediate
20,7,0.5,2,1,0.59,0.52,0.59,0.55,intermediate
18,5,0.48,1,0,0.77,0.55,0.64,0.66,intermediate
13,11,0.62,2,1,0.64,0.5,0.68,0.59,intermediate
15,10,0.43,2,0,0.7,0.48,0.63,0.56,intermediate
44,14,0.75,2,1,0.98,0.59,0.84,0.93,advanced
44,14,0.66,2,1,0.86,0.76,0.92,0.81,advanced
41,13,0.84,2,1,0.94,0.7,0.91,0.98,advanced
32,20,0.99,2,1,0.8,0.66,0.86,0.96,advanced
46,13,0.7,2,1,0.91,0.7,0.85,0.83,advanced
29,18,0.9,2,1,0.89,0.66,0.95,0.95,advanced
47,18,0.84,2,1,0.75,0.61,0.79,0.87,advanced
45,14,0.73,2,1,0.91,0.69,0.93,0.79,advanced
28,15,0.68,2,1,0.8,0.82,0.99,0.86,advanced
36,19,0.87,2,1,0.8,0.85,0.94,0.81,advanced
35,13,0.75,2,1,0.91,0.67,0.97,0.79,advanced
26,12,0.68,2,1,0.84,0.78,0.9,0.87,advanced
26,15,0.84,2,1,0.94,0.88,0.75,0.9,advanced
38,19,0.92,2,1,0.75,0.81,0.9,1.0,advanced
33,15,0.98,2,1,0.9,0.68,0.83,0.92,advanced
33,13,0.66,2,1,0.92,0.69,0.84,0.76,advanced
23,13,0.96,2,1,0.97,0.86,0.85,0.96,advanced
42,19,0.84,2,1,0.82,0.69,0.92,0.95,advanced
33,12,0.88,2,1,0.92,0.86,0.75,0.91,advanced
30,19,0.8,2,1,0.97,0.78,0.99,0.93,advanced
38,13,0.91,2,1,0.9,0.86,0.77,0.86,advanced
41,20,0.67,2,1,0.82,0.74,0.8,0.79,advanced
50,19,0.72,2,1,0.87,0.88,0.77,0.96,advanced
29,14,0.92,2,1,0.86,0.65,0.78,0.92,advanced
28,17,0.97,2,1,0.91,0.79,0.77,0.86,advanced
44,13,0.89,2,1,0.94,0.72,0.81,0.81,advanced
33,15,0.98,2,1,0.98,0.82,0.91,0.87,advanced
45,18,0.88,2,1,0.94,0.69,0.9,0.91,advanced
31,13,0.76,2,1,0.95,0.65,0.99,0.86,advanced
26,17,0.7,2,1,0.78,0.64,0.84,0.9,advanced
41,20,0.72,2,1,0.83,0.67,0.85,0.93,advanced
48,14,0.84,2,1,0.85,0.82,0.86,0.94,advanced
37,17,0.71,2,1,0.9,0.74,0.81,0.85,advanced
42,16,0.71,2,1,0.99,0.72,0.96,0.87,advanced
32,20,1.0,2,1,0.92,0.76,0.95,0.93,advanced
49,15,0.83,2,1,0.78,0.72,1.0,0.93,advanced
49,15,0.95,2,1,0.93,0.68,0.84,1.0,advanced
47,14,0.95,2,1,0.98,0.86,0.81,0.93,advanced
28,12,0.85,2,1,0.93,0.85,0.82,0.95,advanced
35,13,0.84,2,1,0.83,0.81,0.92,1.0,advanced
35,13,0.7,2,1,0.82,0.84,0.92,0.8,advanced
45,16,0.82,2,1,0.94,0.83,0.9,0.95,advanced
27,15,0.73,2,1,0.79,0.67,0.78,0.92,advanced
41,13,0.89,2,1,0.94,0.8,0.93,0.75,advanced
49,14,0.97,2,1,1.0,0.71,0.79,0.99,advanced
39,17,0.86,2,1,0.77,0.6,0.99,0.79,advanced
30,18,0.83,2,1,0.99,0.59,0.91,0.85,advanced
45,13,0.92,2,1,0.92,0.69,0.99,0.91,advanced
34,12,0.7,2,1,0.97,0.78,0.91,0.82,advanced
23,19,0.75,2,1,0.77,0.73,0.87,0.92,advanced
43,18,0.76,2,1,0.94,0.73,0.95,0.8,advanced
40,14,0.8,2,1,0.78,0.84,0.83,0.93,advanced
39,19,0.68,2,1,0.93,0.82,0.85,0.95,advanced
47,15,0.99,2,1,0.96,0.78,0.88,0.95,advanced
40,19,0.93,2,1,0.97,0.63,0.8,0.9,advanced
40,16,0.95,2,1,0.78,0.63,0.78,0.8,advanced
40,14,0.8,2,1,0.76,0.69,0.99,0.88,advanced
39,16,0.88,2,1,0.99,0.86,0.75,0.83,advanced
34,20,0.83,2,1,0.86,0.74,0.89,0.92,advanced
27,16,0.95,2,1,0.92,0.59,0.92,0.76,advanced
31,14,0.91,2,1,0.8,0.76,0.78,0.89,advanced
28,18,0.82,2,1,0.86,0.77,0.89,0.82,advanced
29,13,0.87,2,1,0.99,0.62,0.92,0.99,advanced
41,20,0.87,2,1,0.82,0.79,0.91,0.91,advanced
23,15,0.69,2,1,0.85,0.71,0.79,1.0,advanced
43,13,0.78,2,1,0.78,0.6,0.78,0.89,advanced
23,13,0.79,2,1,0.83,0.65,0.82,0.97,advanced
28,20,0.91,2,1,0.99,0.86,0.84,0.78,advanced
45,16,0.85,2,1,0.83,0.74,0.96,0.87,advanced
35,14,0.78,2,1,0.9,0.86,0.97,0.79,advanced
50,18,0.82,2,1,0.94,0.76,0.99,0.88,advanced
27,14,0.79,2,1,0.78,0.63,0.75,0.88,advanced
45,15,0.89,2,1,0.93,0.87,0.76,0.93,advanced
37,20,0.76,2,1,0.85,0.69,0.86,0.86,advanced
30,16,0.88,2,1,0.99,0.86,0.88,0.93,advanced
43,13,0.69,2,1,0.77,0.83,0.83,0.94,advanced
32,20,0.98,2,1,0.81,0.61,0.77,0.89,advanced
46,14,0.82,2,1,0.95,0.78,0.75,0.99,advanced
35,12,0.87,2,1,0.88,0.79,1.0,0.97,advanced
46,17,0.74,2,1,0.98,0.79,0.94,0.93,advanced
39,12,0.87,2,1,0.93,0.84,0.99,0.96,advanced
30,14,0.69,2,1,0.99,0.74,0.92,0.97,advanced
35,14,0.79,2,1,0.96,0.71,0.88,0.99,advanced
47,13,0.76,2,1,0.78,0.74,0.98,0.81,advanced
35,15,0.97,2,1,0.87,0.77,0.82,0.75,advanced
37,19,0.68,2,1,0.98,0.85,0.99,0.88,advanced
34,14,0.8,2,1,0.75,0.61,0.87,0.82,advanced
27,18,0.7,2,1,0.75,0.74,0.86,0.8,advanced
35,17,0.76,2,1,0.87,0.65,0.79,0.91,advanced
37,19,0.72,2,1,0.86,0.61,0.8,0.95,advanced
29,13,0.72,2,1,0.84,0.84,0.86,0.84,advanced
28,15,0.98,2,1,0.76,0.85,0.85,0.94,advanced
38,14,0.77,2,1,0.99,0.73,1.0,0.78,advanced
49,18,0.7,2,1,0.94,0.86,0.97,0.88,advanced
23,15,0.68,2,1,0.99,0.68,0.95,0.78,advanced
38,16,0.76,2,1,0.96,0.58,0.86,0.9,advanced
28,15,0.76,2,1,0.77,0.8,0.86,0.9,advanced
36,15,0.82,2,1,0.78,0.78,0.82,0.93,advanced
29,14,0.74,2,1,0.95,0.76,0.78,0.93,advanced
36,12,0.87,2,1,0.78,0.86,0.76,1.0,advanced
43,15,0.74,2,1,0.77,0.67,0.76,0.85,advanced
26,16,0.78,2,1,0.86,0.6,0.77,0.86,advanced
28,12,0.66,2,1,0.99,0.85,0.93,0.81,advanced
42,13,0.81,2,1,0.92,0.66,0.83,0.82,advanced
44,12,0.89,2,1,0.81,0.61,0.87,0.83,advanced
46,20,0.87,2,1,0.94,0.82,0.78,0.84,advanced
26,14,0.87,2,1,0.81,0.61,0.82,0.9,advanced
49,15,0.73,2,1,0.9,0.85,0.76,0.99,advanced
32,19,1.0,2,1,0.86,0.77,0.77,0.99,advanced
40,16,0.96,2,1,0.8,0.64,0.93,0.76,advanced
34,19,0.87,2,1,0.94,0.68,0.96,0.89,advanced
39,12,0.72,2,1,0.78,0.74,0.86,0.87,advanced
24,15,0.91,2,1,0.82,0.87,0.99,0.82,advanced
28,19,0.92,2,1,0.85,0.87,0.92,0.97,advanced
28,12,0.71,2,1,0.85,0.66,0.94,0.85,advanced
37,20,0.9,2,1,0.8,0.82,0.92,0.97,advanced
40,13,0.72,2,1,0.88,0.79,0.83,0.81,advanced
31,14,0.75,2,1,0.76,0.62,0.81,0.76,advanced
40,13,0.66,2,1,0.95,0.83,0.91,0.81,advanced
45,20,0.75,2,1,0.84,0.6,0.9,0.84,advanced
43,12,0.94,2,1,0.78,0.88,0.97,0.82,advanced
40,13,0.91,2,1,0.8,0.87,0.99,0.79,advanced
42,20,0.73,2,1,0.92,0.77,0.99,0.81,advanced
50,18,0.71,2,1,0.86,0.77,0.83,0.8,advanced
25,19,0.72,2,1,0.81,0.85,0.93,0.84,advanced
46,14,0.88,2,1,0.8,0.73,0.97,0.8,advanced
42,15,0.68,2,1,0.76,0.7,0.79,0.79,advanced
26,20,0.71,2,1,0.77,0.87,0.81,0.98,advanced
26,12,0.92,2,1,0.94,0.7,0.75,0.77,advanced
27,12,0.93,2,1,0.91,0.61,0.76,0.81,advanced
50,13,0.73,2,1,0.75,0.83,0.95,0.89,advanced
33,19,0.71,2,1,0.87,0.63,0.89,0.86,advanced
49,12,0.69,2,1,0.76,0.62,0.92,0.91,advanced
30,12,0.74,2,1,0.82,0.62,0.88,0.96,advanced
44,18,0.89,2,1,0.85,0.86,0.84,0.82,advanced
30,13,0.99,2,1,0.93,0.88,0.98,0.87,advanced
25,12,0.87,2,1,0.82,0.69,0.77,0.83,advanced
27,16,0.87,2,1,0.79,0.78,0.88,0.9,advanced
34,16,0.94,2,1,0.82,0.73,0.97,0.82,advanced
27,14,0.77,2,1,0.93,0.86,0.77,0.75,advanced
25,13,0.86,2,1,0.85,0.72,0.93,0.95,advanced
28,18,0.78,2,1,0.99,0.88,0.82,0.77,advanced
43,17,0.71,2,1,0.87,0.76,0.87,0.99,advanced
40,20,0.83,2,1,0.99,0.74,0.98,0.85,advanced
39,15,0.9,2,1,0.88,0.79,0.81,0.77,advanced
40,19,0.99,2,1,0.81,0.59,0.75,1.0,advanced
50,14,0.76,2,1,0.98,0.83,0.76,0.84,advanced
30,15,0.94,2,1,0.79,0.85,0.96,0.99,advanced
35,12,0.9,2,1,0.76,0.79,0.78,0.99,advanced
38,14,0.67,2,1,0.86,0.75,0.76,0.78,advanced
49,18,0.71,2,1,0.84,0.75,0.77,0.77,advanced
32,19,0.8,2,1,0.8,0.79,0.94,0.94,advanced
27,12,0.96,2,1,0.83,0.67,0.95,0.92,advanced
49,18,0.89,2,1,0.76,0.58,0.94,0.88,advanced
39,16,0.9,2,1,0.97,0.86,0.89,0.96,advanced
27,15,0.8,2,1,0.86,0.74,0.79,0.99,advanced
42,13,0.94,2,1,0.76,0.87,0.85,0.96,advanced
28,12,0.93,2,1,0.87,0.83,0.83,0.91,advanced
42,17,0.67,2,1,0.91,0.6,0.8,0.78,advanced
47,16,0.72,2,1,0.82,0.76,0.89,0.77,advanced
41,12,0.85,2,1,0.8,0.61,0.98,0.81,advanced
23,17,0.92,2,1,0.95,0.86,0.76,0.83,advanced
34,14,0.9,2,1,0.99,0.7,0.88,0.83,advanced
48,14,0.67,2,1,0.77,0.61,0.85,0.94,advanced
28,14,0.89,2,1,0.95,0.59,0.87,0.97,advanced
29,14,0.92,2,1,0.77,0.65,0.91,0.99,advanced
43,20,0.98,2,1,0.79,0.8,0.99,0.88,advanced
50,18,0.67,2,1,0.84,0.69,0.95,0.83,advanced
42,13,0.99,2,1,0.93,0.88,0.92,0.81,advanced
47,16,0.85,2,1,0.89,0.58,1.0,0.77,advanced
33,14,0.98,2,1,0.99,0.61,0.95,0.77,advanced
28,19,0.75,2,1,0.79,0.61,0.82,0.84,advanced
27,13,0.99,2,1,0.87,0.78,0.81,0.97,advanced
42,14,0.81,2,1,0.87,0.7,0.84,0.82,advanced
36,20,0.81,2,1,0.88,0.61,0.91,0.83,advanced
24,15,0.9,2,1,0.97,0.87,1.0,0.76,advanced
41,18,0.95,2,1,0.89,0.69,0.79,0.78,advanced
37,20,0.97,2,1,0.81,0.68,0.97,0.92,advanced
35,18,0.73,2,1,0.87,0.86,0.77,0.93,advanced
45,19,0.7,2,1,0.83,0.73,0.83,1.0,advanced
29,17,0.85,2,1,0.86,0.62,0.89,0.99,advanced
48,18,0.99,2,1,1.0,0.82,0.94,0.77,advanced
36,16,0.75,2,1,0.8,0.81,0.8,0.76,advanced
50,19,0.96,2,1,0.79,0.6,0.79,0.82,advanced
25,18,0.78,2,1,0.88,0.83,0.92,0.81,advanced
38,20,0.89,2,1,0.94,0.71,0.79,0.84,advanced
35,12,0.85,2,1,0.79,0.79,0.92,0.84,advanced
27,17,0.89,2,1,0.97,0.75,0.8,0.93,advanced
23,14,0.96,2,1,0.96,0.8,0.93,0.96,advanced
44,18,0.75,2,1,0.98,0.82,0.87,0.83,advanced
43,19,0.88,2,1,0.93,0.84,1.0,0.99,advanced
45,20,0.92,2,1,0.89,0.64,0.76,0.94,advanced
44,12,0.79,2,1,0.9,0.64,0.8,0.8,advanced
26,19,0.88,2,1,0.84,0.83,0.83,0.83,advanced
39,17,0.7,2,1,0.86,0.74,0.85,0.84,advanced
40,18,0.79,2,1,0.79,0.76,0.86,0.79,advanced
42,13,1.0,2,1,0.96,0.66,0.92,0.86,advanced
36,13,0.83,2,1,0.95,0.76,0.78,0.91,advanced
41,12,0.89,2,1,0.94,0.71,0.98,0.77,advanced
26,15,0.95,2,1,0.96,0.75,0.8,0.94,advanced
49,18,0.66,2,1,0.99,0.72,0.84,0.95,advanced
31,16,0.95,2,1,0.84,0.84,0.81,0.82,advanced
36,12,0.67,2,1,0.95,0.85,0.85,0.81,advanced
42,17,0.77,2,1,0.79,0.83,0.84,0.95,advanced
29,18,0.94,2,1,0.99,0.87,1.0,0.81,advanced
46,14,0.8,2,1,0.95,0.77,0.89,0.78,advanced
27,20,0.7,2,1,0.83,0.79,0.79,0.81,advanced
49,20,0.71,2,1,0.89,0.85,0.85,0.94,advanced
47,14,0.67,2,1,0.83,0.58,0.77,0.76,advanced
46,14,0.99,2,1,0.93,0.69,0.98,0.77,advanced
30,16,0.73,2,1,0.91,0.78,0.94,0.8,advanced
31,12,0.75,2,1,0.96,0.69,0.93,0.95,advanced
26,13,0.82,2,1,0.98,0.75,0.91,0.91,advanced
25,13,0.83,2,1,0.9,0.85,0.78,0.82,advanced
23,18,0.69,2,1,0.84,0.73,0.96,0.85,advanced
33,19,0.93,2,1,0.99,0.69,0.77,0.92,advanced
42,12,0.7,2,1,0.79,0.75,0.75,0.79,advanced
23,14,0.84,2,1,0.84,0.76,0.84,1.0,advanced
39,20,0.92,2,1,0.81,0.74,0.78,0.9,advanced
27,15,0.69,2,1,0.8,0.59,0.84,0.97,advanced
25,17,0.9,2,1,0.92,0.64,0.78,0.82,advanced
35,15,0.75,2,1,0.91,0.71,0.87,0.95,advanced
26,16,0.72,2,1,0.8,0.87,0.96,0.93,advanced
42,16,0.94,2,1,0.8,0.71,0.93,0.86,advanced
34,13,0.81,2,1,0.91,0.75,0.9,0.86,advanced
42,20,0.78,2,1,0.97,0.7,0.99,0.81,advanced
34,15,0.68,2,1,0.76,0.82,0.79,0.83,advanced
33,12,0.9,2,1,0.91,0.62,0.84,0.94,advanced
25,18,0.76,2,1,0.8,0.65,0.89,0.83,advanced
48,13,0.86,2,1,0.8,0.79,0.8,0.89,advanced
29,15,0.68,2,1,0.91,0.82,0.92,0.86,advanced
37,14,0.86,2,1,0.87,0.62,0.76,0.82,advanced
48,12,0.97,2,1,0.9,0.59,0.81,0.76,advanced
39,12,0.77,2,1,0.82,0.85,0.96,0.85,advanced
32,16,0.77,2,1,0.75,0.7,0.87,0.96,advanced
24,18,0.76,2,1,0.84,0.73,0.77,0.94,advanced
49,17,0.98,2,1,1.0,0.85,0.87,0.91,advanced
33,18,0.74,2,1,0.78,0.62,0.81,0.96,advanced
40,12,0.98,2,1,0.77,0.82,0.93,0.95,advanced
32,13,0.75,2,1,0.97,0.61,0.81,0.95,advanced
27,19,0.7,2,1,0.92,0.79,0.95,0.84,advanced
36,19,0.89,2,1,0.83,0.84,0.79,0.9,advanced
31,17,0.92,2,1,0.88,0.73,0.81,0.87,advanced
34,20,0.94,2,1,0.87,0.79,0.77,0.94,advanced
25,19,0.68,2,1,0.81,0.79,0.91,0.96,advanced
26,17,0.73,2,1,0.75,0.64,0.8,0.95,advanced
32,19,0.88,2,1,0.9,0.81,0.88,0.96,advanced
35,19,0.96,2,1,0.96,0.86,0.78,0.78,advanced
28,16,0.98,2,1,0.88,0.66,0.95,0.8,advanced
26,15,0.67,2,1,0.89,0.61,0.78,0.87,advanced
34,16,0.7,2,1,0.87,0.74,0.82,0.87,advanced
36,20,0.77,2,1,0.89,0.7,0.84,0.8,advanced
36,15,0.76,2,1,0.86,0.69,0.84,0.76,advanced
36,13,0.89,2,1,0.85,0.73,0.9,0.88,advanced
24,16,0.74,2,1,0.91,0.6,0.99,0.8,advanced
35,18,0.79,2,1,0.88,0.79,0.82,0.97,advanced
28,15,0.78,2,1,0.8,0.73,0.96,0.92,advanced
39,19,0.91,2,1,0.82,0.61,0.9,0.93,advanced
28,14,0.77,2,1,0.96,0.78,0.92,0.79,advanced
23,14,0.99,2,1,0.86,0.71,0.99,0.92,advanced
34,19,0.86,2,1,0.97,0.58,0.79,0.94,advanced
41,16,0.94,2,1,0.87,0.83,0.81,0.78,advanced
32,17,0.81,2,1,0.88,0.61,0.79,0.79,advanced
34,19,0.66,2,1,0.93,0.73,1.0,0.81,advanced
50,19,0.7,2,1,0.84,0.81,0.93,0.97,advanced
50,15,0.88,2,1,0.92,0.87,0.93,0.76,advanced
36,17,0.73,2,1,0.79,0.8,0.87,0.81,advanced
31,20,0.97,2,1,0.77,0.61,0.98,0.84,advanced
44,17,0.96,2,1,0.86,0.66,0.99,0.88,advanced
24,20,0.9,2,1,0.85,0.67,0.85,1.0,advanced
48,17,0.76,2,1,0.96,0.75,0.78,0.95,advanced
27,20,0.99,2,1,0.99,0.72,0.87,0.92,advanced
48,16,0.67,2,1,0.91,0.67,0.92,0.83,advanced
32,12,0.81,2,1,0.76,0.6,0.82,0.9,advanced
32,20,0.89,2,1,0.92,0.69,0.75,0.81,advanced
46,15,0.81,2,1,0.94,0.66,0.79,0.77,advanced
30,18,0.8,2,1,0.98,0.86,0.82,0.76,advanced
32,14,0.85,2,1,0.99,0.67,0.77,0.82,advanced
29,16,0.71,2,1,0.92,0.78,0.83,0.89,advanced
43,19,0.85,2,1,0.89,0.75,0.83,0.77,advanced
37,17,0.83,2,1,0.84,0.62,0.97,0.86,advanced
36,19,0.67,2,1,0.92,0.72,0.84,0.84,advanced
42,16,0.93,2,1,0.89,0.81,0.99,0.86,advanced
32,12,0.92,2,1,0.9,0.85,0.84,0.91,advanced
50,20,0.82,2,1,0.85,0.82,0.85,0.75,advanced
33,13,0.94,2,1,0.76,0.77,0.76,0.96,advanced
41,20,0.91,2,1,0.89,0.62,0.92,0.97,advanced
38,14,0.74,2,1,0.76,0.8,0.8,0.79,advanced
23,19,0.87,2,1,0.92,0.67,0.96,0.83,advanced
39,13,0.74,2,1,0.8,0.84,0.77,0.79,advanced
26,16,0.8,2,1,0.78,0.7,0.76,0.88,advanced
49,19,0.95,2,1,1.0,0.74,0.96,0.96,advanced
49,15,0.72,2,1,0.9,0.64,0.86,0.91,advanced
44,13,0.99,2,1,0.94,0.67,0.89,0.87,advanced
26,19,0.8,2,1,0.87,0.79,0.92,0.85,advanced
23,16,0.67,2,1,0.86,0.75,0.76,0.86,advanced
34,14,0.82,2,1,0.91,0.85,0.91,0.86,advanced
50,20,0.73,2,1,0.93,0.69,0.82,1.0,advanced
27,17,0.88,2,1,0.98,0.63,0.88,0.88,advanced
48,16,0.97,2,1,0.89,0.62,0.86,0.96,advanced
42,14,0.86,2,1,0.77,0.87,0.96,0.87,advanced
33,17,0.86,2,1,0.98,0.62,0.94,0.88,advanced
30,13,0.89,2,1,0.96,0.8,0.77,0.76,advanced
47,15,0.7,2,1,0.87,0.65,0.92,0.83,advanced
25,12,0.87,2,1,0.97,0.87,0.93,0.85,advanced
42,12,0.97,2,1,0.78,0.81,0.96,0.77,advanced
41,20,0.73,2,1,0.83,0.88,0.92,0.84,advanced
28,18,0.94,2,1,0.81,0.64,0.86,0.82,advanced
44,13,0.73,2,1,0.95,0.77,0.8,0.9,advanced
40,13,0.78,2,1,0.95,0.7,0.97,0.84,advanced
29,15,0.85,2,1,0.92,0.74,0.99,0.93,advanced
27,13,0.81,2,1,0.87,0.75,0.84,0.9,advanced
39,16,0.69,2,1,0.91,0.62,0.97,0.89,advanced
49,16,0.97,2,1,0.87,0.59,0.76,0.89,advanced
32,13,0.84,2,1,0.81,0.84,0.93,0.77,advanced
42,12,0.85,2,1,0.81,0.67,0.88,0.9,advanced
43,12,0.67,2,1,0.97,0.88,0.9,0.98,advanced
29,20,0.94,2,1,0.86,0.6,0.8,0.97,advanced
38,13,0.93,2,1,0.83,0.6,0.94,0.98,advanced
34,13,0.98,2,1,0.89,0.82,0.9,0.96,advanced
27,16,0.91,2,1,0.9,0.75,0.9,0.77,advanced
38,16,0.93,2,1,0.78,0.69,0.87,0.81,advanced
48,15,0.84,2,1,0.97,0.59,0.81,0.98,advanced
24,18,0.92,2,1,0.97,0.75,0.92,0.93,advanced
37,13,0.97,2,1,0.92,0.62,0.86,0.86,advanced
24,15,0.74,2,1,1.0,0.71,0.84,0.8,advanced
48,20,0.85,2,1,0.9,0.85,0.81,0.94,advanced
25,12,0.7,2,1,1.0,0.82,0.75,0.93,advanced
30,16,0.7,2,1,0.8,0.78,0.76,0.84,advanced
40,15,0.83,2,1,0.85,0.6,0.91,0.91,advanced
45,16,0.98,2,1,0.93,0.65,0.84,0.98,advanced
31,17,0.9,2,1,0.95,0.74,0.82,0.91,advanced
42,19,0.76,2,1,0.88,0.79,0.76,0.98,advanced
46,20,0.73,2,1,0.8,0.65,0.78,0.99,advanced
45,19,0.88,2,1,0.84,0.87,0.95,0.79,advanced
31,18,0.76,2,1,0.86,0.59,0.78,0.87,advanced
23,18,0.79,2,1,0.99,0.7,0.76,0.96,advanced
24,16,0.67,2,1,0.76,0.71,0.8,0.8,advanced
33,16,0.94,2,1,0.94,0.81,0.98,0.98,advanced
36,18,0.93,2,1,0.9,0.83,0.94,0.84,advanced
46,16,0.95,2,1,0.98,0.75,0.94,0.95,advanced
39,16,0.72,2,1,0.98,0.75,0.87,0.89,advanced
23,16,0.93,2,1,0.85,0.62,0.94,0.98,advanced
33,18,0.67,2,1,0.99,0.74,0.77,0.81,advanced
47,12,0.7,2,1,0.82,0.78,0.82,0.81,advanced
37,12,0.81,2,1,0.89,0.63,0.83,0.82,advanced
29,18,0.68,2,1,0.87,0.83,0.99,0.87,advanced
25,19,0.72,2,1,0.98,0.67,0.82,0.9,advanced
43,14,0.71,2,1,0.94,0.62,0.82,0.97,advanced
44,20,0.95,2,1,0.9,0.59,0.76,0.78,advanced
45,16,0.99,2,1,0.89,0.6,0.76,0.93,advanced
24,15,0.78,2,1,0.75,0.74,0.96,0.96,advanced
33,17,0.94,2,1,0.77,0.65,0.86,0.88,advanced
23,17,0.87,2,1,0.92,0.66,0.77,0.86,advanced
32,12,0.71,2,1,0.84,0.69,0.99,0.97,advanced
42,15,0.93,2,1,0.76,0.59,0.98,0.98,advanced
34,15,0.79,2,1,0.88,0.75,0.95,0.88,advanced
43,13,0.98,2,1,0.9,0.81,0.91,0.79,advanced
43,20,0.91,2,1,0.99,0.88,1.0,0.89,advanced
42,19,0.88,2,1,0.88,0.82,0.78,0.97,advanced
30,17,0.74,2,1,0.88,0.75,0.83,0.8,advanced
26,15,0.81,2,1,0.94,0.8,0.84,0.86,advanced
25,17,0.88,2,1,0.99,0.75,0.85,0.77,advanced
49,14,0.97,2,1,0.9,0.75,0.86,0.85,advanced
42,16,0.93,2,1,0.81,0.78,0.98,0.92,advanced
27,19,0.88,2,1,0.84,0.73,0.78,0.85,advanced
26,18,0.75,2,1,0.94,0.58,0.97,0.97,advanced
24,18,0.67,2,1,0.89,0.62,0.98,0.94,advanced
35,18,0.78,2,1,0.79,0.74,0.77,0.88,advanced
49,17,0.86,2,1,0.85,0.62,0.89,0.93,advanced
34,19,0.97,2,1,0.9,0.8,1.0,0.76,advanced
45,14,0.91,2,1,0.91,0.81,0.94,0.86,advanced
27,12,0.86,2,1,0.93,0.73,0.9,0.96,advanced
39,16,0.98,2,1,0.84,0.71,0.91,0.84,advanced
39,20,0.95,2,1,0.77,0.75,0.82,0.84,advanced
27,12,0.94,2,1,0.86,0.63,0.83,0.83,advanced
41,17,0.69,2,1,0.93,0.74,1.0,0.8,advanced
28,16,0.98,2,1,0.82,0.71,0.78,0.82,advanced
31,14,0.69,2,1,0.81,0.65,0.9,0.78,advanced
24,20,0.84,2,1,0.89,0.76,0.88,0.79,advanced
32,18,0.91,2,1,0.8,0.69,0.87,0.96,advanced
45,13,0.81,2,1,0.88,0.61,0.96,0.82,advanced
46,13,0.99,2,1,0.86,0.88,0.82,0.97,advanced
28,20,0.77,2,1,0.95,0.6,0.94,0.81,advanced
45,17,0.96,2,1,0.86,0.6,0.93,0.92,advanced
29,20,0.88,2,1,0.76,0.74,0.78,0.93,advanced
27,18,0.96,2,1,0.97,0.58,0.76,0.91,advanced
28,19,0.76,2,1,0.81,0.73,0.8,0.87,advanced
46,15,0.66,2,1,0.8,0.84,0.97,0.99,advanced
36,16,0.87,2,1,0.77,0.63,0.89,0.8,advanced
28,16,0.95,2,1,0.91,0.74,0.81,0.84,advanced
42,17,0.84,2,1,0.97,0.77,0.92,0.87,advanced
47,16,0.8,2,1,0.82,0.85,0.8,0.99,advanced
33,13,0.78,2,1,0.86,0.63,0.81,0.86,advanced
50,19,0.86,2,1,0.85,0.83,0.78,0.97,advanced
50,18,0.68,2,1,0.92,0.64,0.76,0.82,advanced
37,18,0.8,2,1,0.94,0.7,0.82,0.83,advanced
49,12,0.76,2,1,0.98,0.68,0.82,0.93,advanced
43,13,0.98,2,1,0.85,0.64,0.89,0.79,advanced
46,12,0.93,2,1,0.9,0.59,0.83,0.9,advanced
40,13,0.88,2,1,0.77,0.81,0.93,0.98,advanced
40,18,0.95,2,1,0.88,0.63,0.84,0.8,advanced
29,20,0.91,2,1,0.81,0.68,0.95,0.98,advanced
26,20,0.8,2,1,0.99,0.86,0.76,0.76,advanced
47,15,0.67,2,1,0.87,0.65,0.79,0.83,advanced
49,16,0.95,2,1,0.94,0.7,0.95,0.84,advanced
23,12,0.91,2,1,0.77,0.8,0.88,0.93,advanced
35,15,0.94,2,1,0.89,0.76,0.98,0.77,advanced
32,16,0.82,2,1,0.96,0.8,0.95,0.86,advanced
36,13,0.74,2,1,0.77,0.69,0.99,0.89,advanced
39,15,0.79,2,1,0.85,0.79,0.82,0.82,advanced
45,13,0.81,2,1,1.0,0.81,0.93,0.99,advanced
38,13,0.88,2,1,0.89,0.71,0.76,0.94,advanced
28,15,0.95,2,1,0.83,0.61,0.95,0.99,advanced
38,20,0.91,2,1,0.87,0.76,0.81,0.79,advanced
32,17,0.94,2,1,0.89,0.66,0.81,0.94,advanced
31,15,0.92,2,1,0.76,0.84,0.92,0.9,advanced
33,19,0.9,2,1,0.95,0.78,0.89,0.83,advanced
26,18,0.9,2,1,0.88,0.6,0.96,1.0,advanced
28,15,0.81,2,1,0.84,0.8,0.94,0.79,advanced
48,20,0.83,2,1,0.99,0.63,0.76,0.86,advanced
36,16,0.9,2,1,0.94,0.67,0.89,0.85,advanced
41,14,0.71,2,1,0.97,0.85,0.82,0.83,advanced
39,16,0.82,2,1,0.88,0.79,0.8,0.9,advanced
27,14,0.84,2,1,0.8,0.88,0.83,0.94,advanced
25,12,0.77,2,1,0.96,0.63,0.75,0.85,advanced
24,19,0.86,2,1,0.8,0.68,0.92,0.88,advanced
23,15,0.75,2,1,0.77,0.68,0.91,0.97,advanced
42,18,0.98,2,1,0.96,0.67,0.97,0.9,advanced
26,15,0.76,2,1,0.89,0.76,0.91,0.8,advanced
47,18,0.77,2,1,0.82,0.76,0.78,0.95,advanced
50,19,0.73,2,1,0.94,0.82,0.9,0.82,advanced
42,14,0.71,2,1,0.75,0.86,0.81,0.8,advanced
27,20,0.93,2,1,0.87,0.87,0.75,0.77,advanced
30,20,0.79,2,1,0.86,0.81,0.87,0.83,advanced
33,20,0.69,2,1,0.94,0.83,0.93,0.84,advanced
31,14,0.95,2,1,0.9,0.77,0.8,0.79,advanced
40,18,0.88,2,1,0.89,0.79,0.87,0.95,advanced
34,18,0.73,2,1,0.79,0.81,0.97,0.96,advanced
28,12,0.73,2,1,0.89,0.69,1.0,0.98,advanced
34,16,0.83,2,1,0.84,0.68,0.8,0.9,advanced
35,12,1.0,2,1,0.75,0.77,0.82,0.91,advanced
23,19,1.0,2,1,0.93,0.75,0.82,0.76,advanced
47,20,0.93,2,1,0.91,0.84,0.87,0.87,advanced
46,14,0.96,2,1,0.76,0.63,0.76,0.97,advanced
43,12,0.77,2,1,0.78,0.6,0.85,0.96,advanced
46,12,0.77,2,1,0.96,0.78,0.82,0.96,advanced
41,17,0.84,2,1,0.92,0.63,0.97,0.97,advanced
25,15,0.94,2,1,0.99,0.78,0.85,0.96,advanced
31,15,0.89,2,1,0.88,0.71,0.93,0.77,advanced
32,16,0.85,2,1,0.85,0.86,0.91,0.96,advanced
37,13,0.7,2,1,0.78,0.61,0.87,0.96,advanced
23,14,0.93,2,1,0.77,0.76,0.93,0.8,advanced
30,16,0.94,2,1,0.8,0.8,0.84,0.77,advanced
27,16,0.68,2,1,0.91,0.81,0.98,0.8,advanced
30,15,0.75,2,1,0.93,0.67,0.79,0.79,advanced
25,19,0.78,2,1,0.8,0.71,0.99,0.81,advanced
44,14,0.67,2,1,0.84,0.83,0.94,0.88,advanced
45,18,0.78,2,1,0.96,0.64,0.85,0.88,advanced
39,20,0.94,2,1,0.95,0.79,0.95,0.8,advanced
37,16,0.67,2,1,0.95,0.66,0.77,0.94,advanced
41,17,0.79,2,1,0.78,0.62,0.91,0.8,advanced
43,17,0.96,2,1,0.84,0.79,0.9,0.76,advanced
26,14,0.97,2,1,0.75,0.77,0.86,0.83,advanced
48,19,0.86,2,1,0.83,0.59,0.87,0.8,advanced
46,17,0.86,2,1,0.92,0.65,0.93,0.87,advanced
30,20,0.7,2,1,0.87,0.86,0.85,0.76,advanced
28,20,0.72,2,1,0.86,0.76,0.82,0.89,advanced
41,14,0.7,2,1,0.83,0.74,0.9,0.92,advanced
47,14,0.93,2,1,0.83,0.67,0.99,0.99,advanced
28,16,0.76,2,1,0.86,0.62,0.79,0.75,advanced
27,20,0.95,2,1,0.8,0.8,0.96,0.86,advanced
44,18,0.9,2,1,0.84,0.72,0.87,0.84,advanced
47,13,0.79,2,1,0.98,0.79,0.92,0.96,advanced
32,18,0.86,2,1,0.83,0.68,0.98,0.85,advanced
23,15,0.96,2,1,0.88,0.87,0.84,0.92,advanced
23,18,0.97,2,1,0.79,0.73,0.81,0.84,advanced
36,13,0.78,2,1,0.91,0.64,0.78,0.8,advanced
49,19,0.67,2,1,0.91,0.7,0.86,0.82,advanced
49,13,0.82,2,1,0.99,0.78,0.86,0.79,advanced
48,12,0.71,2,1,0.77,0.84,0.92,0.78,advanced
43,18,0.8,2,1,0.78,0.58,0.88,0.92,advanced
48,19,0.83,2,1,0.76,0.61,0.86,0.94,advanced
26,14,0.99,2,1,0.95,0.87,0.93,0.96,advanced
33,16,0.73,2,1,0.88,0.63,0.85,0.92,advanced
32,12,0.7,2,1,0.95,0.59,0.93,0.86,advanced
31,18,0.77,2,1,0.87,0.79,0.84,0.97,advanced
34,18,0.67,2,1,0.82,0.63,0.95,0.89,advanced
24,20,0.91,2,1,0.83,0.69,0.91,0.9,advanced
43,19,0.81,2,1,0.81,0.8,0.77,0.77,advanced
49,20,0.85,2,1,0.82,0.65,0.99,0.92,advanced
46,13,0.79,2,1,0.76,0.76,0.83,0.76,advanced
36,18,0.67,2,1,1.0,0.8,0.77,0.98,advanced
49,18,0.99,2,1,0.99,0.84,0.81,0.91,advanced
40,15,0.9,2,1,0.95,0.76,0.89,1.0,advanced
31,14,0.75,2,1,0.76,0.86,0.89,0.8,advanced
31,12,0.8,2,1,0.92,0.78,0.9,0.98,advanced
42,17,0.69,2,1,0.75,0.66,0.85,0.78,advanced
46,19,0.86,2,1,0.81,0.76,0.93,0.81,advanced
23,17,0.78,2,1,0.91,0.86,0.83,0.85,advanced
